country,date,incid
Guinea,2014-03-22,0
Guinea,2014-03-23,74.5
Guinea,2014-03-24,11.5
Guinea,2014-03-25,0
Guinea,2014-03-26,0
Guinea,2014-03-27,8.5
Guinea,2014-03-28,8.5
Guinea,2014-03-29,8.5
Guinea,2014-03-30,0.5
Guinea,2014-03-31,10
Guinea,2014-04-01,2.5
Guinea,2014-04-02,2.5
Guinea,2014-04-03,7
Guinea,2014-04-04,4.5
Guinea,2014-04-05,4.5
Guinea,2014-04-06,3
Guinea,2014-04-07,3
Guinea,2014-04-08,3
Guinea,2014-04-09,3
Guinea,2014-04-10,3
Guinea,2014-04-11,1.125
Guinea,2014-04-12,1.125
Guinea,2014-04-13,1.125
Guinea,2014-04-14,1.125
Guinea,2014-04-15,11.5
Guinea,2014-04-16,11.5
Guinea,2014-04-17,11.5
Guinea,2014-04-18,2.1999999999999886
Guinea,2014-04-19,2.200000000000017
Guinea,2014-04-20,2.1999999999999886
Guinea,2014-04-21,2.200000000000017
Guinea,2014-04-22,2.1999999999999886
Guinea,2014-04-23,0
Guinea,2014-04-24,0
Guinea,2014-04-25,2.25
Guinea,2014-04-26,2.25
Guinea,2014-04-27,2.25
Guinea,2014-04-28,2.25
Guinea,2014-04-29,2.25
Guinea,2014-04-30,2.25
Guinea,2014-05-01,2.25
Guinea,2014-05-02,2.25
Guinea,2014-05-03,1.5
Guinea,2014-05-04,1.5
Guinea,2014-05-05,1.5
Guinea,2014-05-06,1.5
Guinea,2014-05-07,1.5
Guinea,2014-05-08,1.5
Guinea,2014-05-09,1.809523809523796
Guinea,2014-05-10,1.8095238095238244
Guinea,2014-05-11,1.809523809523796
Guinea,2014-05-12,1.8095238095238244
Guinea,2014-05-13,1.809523809523796
Guinea,2014-05-14,1.8095238095238244
Guinea,2014-05-15,1.809523809523796
Guinea,2014-05-16,1.8095238095238244
Guinea,2014-05-17,1.809523809523796
Guinea,2014-05-18,1.8095238095238244
Guinea,2014-05-19,1.809523809523796
Guinea,2014-05-20,1.8095238095238244
Guinea,2014-05-21,1.809523809523796
Guinea,2014-05-22,1.809523809523796
Guinea,2014-05-23,1.8095238095238528
Guinea,2014-05-24,1.809523809523796
Guinea,2014-05-25,1.809523809523796
Guinea,2014-05-26,1.809523809523796
Guinea,2014-05-27,1.8095238095238528
Guinea,2014-05-28,1.809523809523796
Guinea,2014-05-29,1.809523809523796
Guinea,2014-05-30,18
Guinea,2014-05-31,0
Guinea,2014-06-01,0
Guinea,2014-06-02,12.333333333333314
Guinea,2014-06-03,12.333333333333371
Guinea,2014-06-04,12.333333333333314
Guinea,2014-06-05,0
Guinea,2014-06-06,0
Guinea,2014-06-07,0
Guinea,2014-06-08,0
Guinea,2014-06-09,0
Guinea,2014-06-10,23
Guinea,2014-06-11,4.166666666666686
Guinea,2014-06-12,4.166666666666629
Guinea,2014-06-13,4.166666666666686
Guinea,2014-06-14,4.166666666666686
Guinea,2014-06-15,4.166666666666629
Guinea,2014-06-16,4.166666666666686
Guinea,2014-06-17,11
Guinea,2014-06-18,11
Guinea,2014-06-19,0
Guinea,2014-06-20,0.5263157894736992
Guinea,2014-06-21,0.5263157894736423
Guinea,2014-06-22,0.5263157894736992
Guinea,2014-06-23,0.5263157894736992
Guinea,2014-06-24,0.5263157894736992
Guinea,2014-06-25,0.5263157894736423
Guinea,2014-06-26,0.5263157894736992
Guinea,2014-06-27,0.5263157894736992
Guinea,2014-06-28,0.5263157894736992
Guinea,2014-06-29,0.5263157894736423
Guinea,2014-06-30,0.5263157894736992
Guinea,2014-07-01,0.5263157894736992
Guinea,2014-07-02,0.5263157894736992
Guinea,2014-07-03,0.5263157894736423
Guinea,2014-07-04,0.5263157894736992
Guinea,2014-07-05,0.5263157894736992
Guinea,2014-07-06,0.5263157894736992
Guinea,2014-07-07,0.5263157894736423
Guinea,2014-07-08,0.5263157894736992
Guinea,2014-07-09,0.5
Guinea,2014-07-10,0.5
Guinea,2014-07-11,0
Guinea,2014-07-12,0.3333333333333144
Guinea,2014-07-13,0.33333333333337123
Guinea,2014-07-14,0.3333333333333144
Guinea,2014-07-15,0.3333333333333144
Guinea,2014-07-16,0.33333333333337123
Guinea,2014-07-17,0.3333333333333144
Guinea,2014-07-18,0
Guinea,2014-07-19,0.6666666666666856
Guinea,2014-07-20,0.6666666666666288
Guinea,2014-07-21,0.6666666666666856
Guinea,2014-07-22,0.6666666666666856
Guinea,2014-07-23,0.6666666666666288
Guinea,2014-07-24,0.6666666666666856
Guinea,2014-07-25,4
Guinea,2014-07-26,4
Guinea,2014-07-27,4
Guinea,2014-07-28,8.25
Guinea,2014-07-29,8.25
Guinea,2014-07-30,8.25
Guinea,2014-07-31,8.25
Guinea,2014-08-01,6
Guinea,2014-08-02,6
Guinea,2014-08-03,6.5
Guinea,2014-08-04,6.5
Guinea,2014-08-05,5
Guinea,2014-08-06,5
Guinea,2014-08-07,0
Guinea,2014-08-08,0
Guinea,2014-08-09,0
Guinea,2014-08-10,5.5
Guinea,2014-08-11,5.5
Guinea,2014-08-12,4
Guinea,2014-08-13,4.5
Guinea,2014-08-14,4.5
Guinea,2014-08-15,8.399999999999977
Guinea,2014-08-16,8.399999999999977
Guinea,2014-08-17,8.400000000000091
Guinea,2014-08-18,8.399999999999977
Guinea,2014-08-19,8.399999999999977
Guinea,2014-08-20,23
Guinea,2014-08-21,23
Guinea,2014-08-22,5.85714285714289
Guinea,2014-08-23,5.857142857142776
Guinea,2014-08-24,5.85714285714289
Guinea,2014-08-25,5.85714285714289
Guinea,2014-08-26,5.85714285714289
Guinea,2014-08-27,5.857142857142776
Guinea,2014-08-28,5.85714285714289
Guinea,2014-08-29,10.5
Guinea,2014-08-30,10.5
Guinea,2014-08-31,10.5
Guinea,2014-09-01,10.5
Guinea,2014-09-02,27
Guinea,2014-09-03,27
Guinea,2014-09-04,27
Guinea,2014-09-05,13.200000000000045
Guinea,2014-09-06,13.199999999999932
Guinea,2014-09-07,13.200000000000045
Guinea,2014-09-08,13.199999999999932
Guinea,2014-09-09,13.200000000000045
Guinea,2014-09-10,14.14285714285711
Guinea,2014-09-11,14.142857142857224
Guinea,2014-09-12,14.14285714285711
Guinea,2014-09-13,14.14285714285711
Guinea,2014-09-14,14.142857142857224
Guinea,2014-09-15,14.14285714285711
Guinea,2014-09-16,14.14285714285711
Guinea,2014-09-17,0
Guinea,2014-09-18,6
Guinea,2014-09-19,16.5
Guinea,2014-09-20,16.5
Guinea,2014-09-21,16.5
Guinea,2014-09-22,16.5
Guinea,2014-09-23,7
Guinea,2014-09-24,7
Guinea,2014-09-25,0
Guinea,2014-09-26,10.400000000000091
Guinea,2014-09-27,10.399999999999864
Guinea,2014-09-28,10.400000000000091
Guinea,2014-09-29,10.399999999999864
Guinea,2014-09-30,10.400000000000091
Guinea,2014-10-01,83
Guinea,2014-10-02,21
Guinea,2014-10-03,21
Guinea,2014-10-04,19.799999999999955
Guinea,2014-10-05,19.799999999999955
Guinea,2014-10-06,19.800000000000182
Guinea,2014-10-07,19.799999999999955
Guinea,2014-10-08,19.799999999999955
Guinea,2014-10-09,26
Guinea,2014-10-10,26
Guinea,2014-10-11,12.200000000000045
Guinea,2014-10-12,12.200000000000045
Guinea,2014-10-13,12.199999999999818
Guinea,2014-10-14,12.200000000000045
Guinea,2014-10-15,12.200000000000045
Guinea,2014-10-16,18.42857142857133
Guinea,2014-10-17,18.42857142857156
Guinea,2014-10-18,18.42857142857133
Guinea,2014-10-19,18.42857142857156
Guinea,2014-10-20,18.42857142857133
Guinea,2014-10-21,18.42857142857156
Guinea,2014-10-22,18.42857142857133
Guinea,2014-10-23,0
Guinea,2014-10-24,6.5
Guinea,2014-10-25,6.5
Guinea,2014-10-26,15.923076923076906
Guinea,2014-10-27,15.923076923076906
Guinea,2014-10-28,15.923076923076906
Guinea,2014-10-29,15.923076923076906
Guinea,2014-10-30,15.923076923076906
Guinea,2014-10-31,15.923076923076906
Guinea,2014-11-01,15.923076923077133
Guinea,2014-11-02,15.923076923076906
Guinea,2014-11-03,15.923076923076906
Guinea,2014-11-04,15.923076923076906
Guinea,2014-11-05,15.923076923076906
Guinea,2014-11-06,15.923076923076906
Guinea,2014-11-07,15.923076923076906
Guinea,2014-11-08,23.59999999999991
Guinea,2014-11-09,23.600000000000136
Guinea,2014-11-10,23.59999999999991
Guinea,2014-11-11,23.600000000000136
Guinea,2014-11-12,23.59999999999991
Guinea,2014-11-13,20.5
Guinea,2014-11-14,20.5
Guinea,2014-11-15,10.400000000000091
Guinea,2014-11-16,10.399999999999864
Guinea,2014-11-17,10.400000000000091
Guinea,2014-11-18,10.399999999999864
Guinea,2014-11-19,10.400000000000091
Guinea,2014-11-20,38
Guinea,2014-11-21,38
Guinea,2014-11-22,17.40000000000009
Guinea,2014-11-23,17.40000000000009
Guinea,2014-11-24,17.399999999999636
Guinea,2014-11-25,17.40000000000009
Guinea,2014-11-26,17.40000000000009
Guinea,2014-11-27,5
Guinea,2014-11-28,5
Guinea,2014-11-29,5
Guinea,2014-11-30,5
Guinea,2014-12-01,5
Guinea,2014-12-02,5
Guinea,2014-12-03,9.333333333333485
Guinea,2014-12-04,9.33333333333303
Guinea,2014-12-05,9.333333333333485
Guinea,2014-12-06,30.333333333333485
Guinea,2014-12-07,30.33333333333303
Guinea,2014-12-08,30.333333333333485
Guinea,2014-12-09,4.5
Guinea,2014-12-10,4.5
Guinea,2014-12-11,47
Guinea,2014-12-12,15
Guinea,2014-12-13,13.333333333333485
Guinea,2014-12-14,13.33333333333303
Guinea,2014-12-15,13.333333333333485
Guinea,2014-12-16,11
Guinea,2014-12-17,11
Guinea,2014-12-18,18.5
Guinea,2014-12-19,18.5
Guinea,2014-12-20,39.333333333333485
Guinea,2014-12-21,39.33333333333303
Guinea,2014-12-22,39.333333333333485
Guinea,2014-12-23,26
Guinea,2014-12-24,0
Guinea,2014-12-25,16.5
Guinea,2014-12-26,16.5
Guinea,2014-12-27,21.666666666666515
Guinea,2014-12-28,21.66666666666697
Guinea,2014-12-29,21.666666666666515
Guinea,2014-12-30,11
Guinea,2014-12-31,1
Guinea,2015-01-01,0
Guinea,2015-01-02,23
Guinea,2015-01-03,13
Guinea,2015-01-04,13
Guinea,2015-01-05,13
Guinea,2015-01-06,6
Guinea,2015-01-07,6
Guinea,2015-01-08,6
Guinea,2015-01-09,6
Guinea,2015-01-10,2
Guinea,2015-01-11,2
Guinea,2015-01-12,2
Guinea,2015-01-13,0
Guinea,2015-01-14,7
Guinea,2015-01-15,11
Guinea,2015-01-16,8
Guinea,2015-01-17,11.5
Guinea,2015-01-18,11.5
Guinea,2015-01-19,11.5
Guinea,2015-01-20,11.5
Guinea,2015-01-21,0
Guinea,2015-01-22,2
Guinea,2015-01-23,0
Guinea,2015-01-24,12
Guinea,2015-01-25,12
Guinea,2015-01-26,12
Guinea,2015-01-27,8
Guinea,2015-01-28,0
Guinea,2015-01-29,8.400000000000091
Guinea,2015-01-30,8.400000000000091
Guinea,2015-01-31,8.399999999999636
Guinea,2015-02-01,8.400000000000091
Guinea,2015-02-02,8.400000000000091
Guinea,2015-02-03,16
Guinea,2015-02-04,0
Guinea,2015-02-05,11
Guinea,2015-02-06,2
Guinea,2015-02-07,18
Guinea,2015-02-08,18
Guinea,2015-02-09,18
Guinea,2015-02-10,2
Guinea,2015-02-11,12
Guinea,2015-02-12,12
Guinea,2015-02-13,13
Guinea,2015-02-14,6.666666666666515
Guinea,2015-02-15,6.66666666666697
Guinea,2015-02-16,6.666666666666515
Guinea,2015-02-17,7
Guinea,2015-02-18,0
Guinea,2015-02-19,6
Guinea,2015-02-20,6
Guinea,2015-02-21,11.666666666666515
Guinea,2015-02-22,11.66666666666697
Guinea,2015-02-23,11.666666666666515
Guinea,2015-02-24,8.75
Guinea,2015-02-25,8.75
Guinea,2015-02-26,8.75
Guinea,2015-02-27,8.75
Guinea,2015-02-28,2.5
Guinea,2015-03-01,2.5
Guinea,2015-03-02,2.5
Guinea,2015-03-03,10.75
Guinea,2015-03-04,10.75
Guinea,2015-03-05,18
Guinea,2015-03-06,11
Guinea,2015-03-07,8.333333333333485
Guinea,2015-03-08,8.33333333333303
Guinea,2015-03-09,8.333333333333485
Guinea,2015-03-10,12
Guinea,2015-03-11,0
Guinea,2015-03-12,45
Guinea,2015-03-13,1
Guinea,2015-03-14,14
Guinea,2015-03-15,14
Guinea,2015-03-16,14
Guinea,2015-03-17,16
Guinea,2015-03-18,0
Guinea,2015-03-19,6.199999999999818
Guinea,2015-03-20,6.200000000000273
Guinea,2015-03-21,6.199999999999818
Guinea,2015-03-22,6.200000000000273
Guinea,2015-03-23,6.199999999999818
Guinea,2015-03-24,9
Guinea,2015-03-25,0
Guinea,2015-03-26,30
Guinea,2015-03-27,7
Guinea,2015-03-28,6.333333333333485
Guinea,2015-03-29,6.33333333333303
Guinea,2015-03-30,6.333333333333485
Guinea,2015-03-31,7
Guinea,2015-04-01,0
Guinea,2015-04-02,2
Guinea,2015-04-03,4.199999999999818
Guinea,2015-04-04,4.200000000000273
Guinea,2015-04-05,4.199999999999818
Guinea,2015-04-06,4.200000000000273
Guinea,2015-04-07,4.199999999999818
Guinea,2015-04-08,0
Guinea,2015-04-09,0
Guinea,2015-04-10,9
Guinea,2015-04-11,5.666666666666515
Guinea,2015-04-12,5.66666666666697
Guinea,2015-04-13,5.666666666666515
Guinea,2015-04-14,7
Guinea,2015-04-15,0
Guinea,2015-04-16,18
Guinea,2015-04-17,1.25
Guinea,2015-04-18,1.25
Guinea,2015-04-19,1.25
Guinea,2015-04-20,1.25
Guinea,2015-04-21,1.25
Guinea,2015-04-22,1.25
Guinea,2015-04-23,1.25
Guinea,2015-04-24,1.25
Guinea,2015-04-25,0.28571428571422075
Guinea,2015-04-26,0.28571428571422075
Guinea,2015-04-27,0.28571428571422075
Guinea,2015-04-28,0.2857142857146755
Guinea,2015-04-29,0.28571428571422075
Guinea,2015-04-30,0.28571428571422075
Guinea,2015-05-01,0.28571428571422075
Guinea,2015-05-02,2.199999999999818
Guinea,2015-05-03,2.200000000000273
Guinea,2015-05-04,2.199999999999818
Guinea,2015-05-05,2.200000000000273
Guinea,2015-05-06,2.199999999999818
Guinea,2015-05-07,3
Guinea,2015-05-08,0
Guinea,2015-05-09,1
Guinea,2015-05-10,1
Guinea,2015-05-11,1
Guinea,2015-05-12,1
Guinea,2015-05-13,1
Guinea,2015-05-14,18
Guinea,2015-05-15,4
Guinea,2015-05-16,2.333333333333485
Guinea,2015-05-17,2.33333333333303
Guinea,2015-05-18,2.333333333333485
Guinea,2015-05-19,9
Guinea,2015-05-20,0
Guinea,2015-05-21,1
Guinea,2015-05-22,1
Guinea,2015-05-23,1
Guinea,2015-05-24,1
Guinea,2015-05-25,1
Guinea,2015-05-26,1
Guinea,2015-05-27,0
Guinea,2015-05-28,1.6875
Guinea,2015-05-29,1.6875
Guinea,2015-05-30,1.6875
Guinea,2015-05-31,1.6875
Guinea,2015-06-01,1.6875
Guinea,2015-06-02,1.6875
Guinea,2015-06-03,1.6875
Guinea,2015-06-04,1.6875
Guinea,2015-06-05,9.5
Guinea,2015-06-06,1.666666666666515
Guinea,2015-06-07,1.6666666666669698
Guinea,2015-06-08,1.666666666666515
Guinea,2015-06-09,1
Guinea,2015-06-10,0
Guinea,2015-06-11,4
Guinea,2015-06-12,3
Guinea,2015-06-13,0
Guinea,2015-06-14,0
Guinea,2015-06-15,0
Guinea,2015-06-16,1
Guinea,2015-06-17,3.333333333333485
Guinea,2015-06-18,3.33333333333303
Guinea,2015-06-19,3.333333333333485
Guinea,2015-06-20,3.333333333333485
Guinea,2015-06-21,3.33333333333303
Guinea,2015-06-22,3.333333333333485
Guinea,2015-06-23,20
Guinea,2015-06-24,0
Guinea,2015-06-25,1.199999999999818
Guinea,2015-06-26,1.2000000000002728
Guinea,2015-06-27,1.199999999999818
Guinea,2015-06-28,1.2000000000002728
Guinea,2015-06-29,1.199999999999818
Guinea,2015-06-30,5
Guinea,2015-07-01,0
Guinea,2015-07-02,3.166666666666515
Guinea,2015-07-03,3.16666666666697
Guinea,2015-07-04,3.166666666666515
Guinea,2015-07-05,3.166666666666515
Guinea,2015-07-06,3.16666666666697
Guinea,2015-07-07,3.166666666666515
Guinea,2015-07-08,0
Guinea,2015-07-09,1.5
Guinea,2015-07-10,1.5
Guinea,2015-07-11,1
Guinea,2015-07-12,1
Guinea,2015-07-13,1
Guinea,2015-07-14,6
Guinea,2015-07-15,0
Guinea,2015-07-16,2
Guinea,2015-07-17,8
Guinea,2015-07-18,0.7368421052633494
Guinea,2015-07-19,0.7368421052628946
Guinea,2015-07-20,0.7368421052633494
Guinea,2015-07-21,0.7368421052628946
Guinea,2015-07-22,0.7368421052633494
Guinea,2015-07-23,0.7368421052628946
Guinea,2015-07-24,0.7368421052633494
Guinea,2015-07-25,0.7368421052633494
Guinea,2015-07-26,0.7368421052628946
Guinea,2015-07-27,0.7368421052633494
Guinea,2015-07-28,0.7368421052628946
Guinea,2015-07-29,0.7368421052633494
Guinea,2015-07-30,0.7368421052633494
Guinea,2015-07-31,0.7368421052628946
Guinea,2015-08-01,0.7368421052633494
Guinea,2015-08-02,0.7368421052628946
Guinea,2015-08-03,0.7368421052633494
Guinea,2015-08-04,0.7368421052628946
Guinea,2015-08-05,0.7368421052633494
Guinea,2015-08-06,0.14285714285733775
Guinea,2015-08-07,0.142857142856883
Guinea,2015-08-08,0.14285714285733775
Guinea,2015-08-09,0.142857142856883
Guinea,2015-08-10,0.14285714285733775
Guinea,2015-08-11,0.142857142856883
Guinea,2015-08-12,0.14285714285733775
Guinea,2015-08-13,0.14285714285733775
Guinea,2015-08-14,0.142857142856883
Guinea,2015-08-15,0.14285714285733775
Guinea,2015-08-16,0.142857142856883
Guinea,2015-08-17,0.14285714285733775
Guinea,2015-08-18,0.142857142856883
Guinea,2015-08-19,0.14285714285733775
Guinea,2015-08-20,6
Guinea,2015-08-21,0
Guinea,2015-08-22,0
Guinea,2015-08-23,0
Guinea,2015-08-24,0
Guinea,2015-08-25,0
Guinea,2015-08-26,0
Guinea,2015-08-27,5
Guinea,2015-08-28,0
Guinea,2015-08-29,0
Guinea,2015-08-30,0
Guinea,2015-08-31,0
Guinea,2015-09-01,0
Guinea,2015-09-02,0
Guinea,2015-09-03,0
Guinea,2015-09-04,0
Guinea,2015-09-05,0
Guinea,2015-09-06,0
Guinea,2015-09-07,0
Guinea,2015-09-08,0
Guinea,2015-09-09,0
Guinea,2015-09-10,0
Guinea,2015-09-11,0
Guinea,2015-09-12,0
Guinea,2015-09-13,0
Guinea,2015-09-14,0
Guinea,2015-09-15,0
Guinea,2015-09-16,0
Guinea,2015-09-17,0
Guinea,2015-09-18,0
Guinea,2015-09-19,0
Guinea,2015-09-20,0
Guinea,2015-09-21,0
Guinea,2015-09-22,3
Guinea,2015-09-23,0
Guinea,2015-09-24,1
Guinea,2015-09-25,0.02272727272747943
Guinea,2015-09-26,0.022727272727024683
Guinea,2015-09-27,0.02272727272747943
Guinea,2015-09-28,0.022727272727024683
Guinea,2015-09-29,0.02272727272747943
Guinea,2015-09-30,0.022727272727024683
Guinea,2015-10-01,0.02272727272747943
Guinea,2015-10-02,0.022727272727024683
Guinea,2015-10-03,0.02272727272747943
Guinea,2015-10-04,0.022727272727024683
Guinea,2015-10-05,0.02272727272747943
Guinea,2015-10-06,0.02272727272747943
Guinea,2015-10-07,0.022727272727024683
Guinea,2015-10-08,0.02272727272747943
Guinea,2015-10-09,0.022727272727024683
Guinea,2015-10-10,0.02272727272747943
Guinea,2015-10-11,0.022727272727024683
Guinea,2015-10-12,0.02272727272747943
Guinea,2015-10-13,0.022727272727024683
Guinea,2015-10-14,0.02272727272747943
Guinea,2015-10-15,0.022727272727024683
Guinea,2015-10-16,0.02272727272747943
Guinea,2015-10-17,0.02272727272747943
Guinea,2015-10-18,0.022727272727024683
Guinea,2015-10-19,0.02272727272747943
Guinea,2015-10-20,0.022727272727024683
Guinea,2015-10-21,0.02272727272747943
Guinea,2015-10-22,0.022727272727024683
Guinea,2015-10-23,0.02272727272747943
Guinea,2015-10-24,0.022727272727024683
Guinea,2015-10-25,0.02272727272747943
Guinea,2015-10-26,0.022727272727024683
Guinea,2015-10-27,0.02272727272747943
Guinea,2015-10-28,0.02272727272747943
Guinea,2015-10-29,0.022727272727024683
Guinea,2015-10-30,0.02272727272747943
Guinea,2015-10-31,0.022727272727024683
Guinea,2015-11-01,0.02272727272747943
Guinea,2015-11-02,0.022727272727024683
Guinea,2015-11-03,0.02272727272747943
Guinea,2015-11-04,0.022727272727024683
Guinea,2015-11-05,0.02272727272747943
Guinea,2015-11-06,0.022727272727024683
Guinea,2015-11-07,0.02272727272747943
Guinea,2015-11-08,0.02272727272747943
Guinea,2015-11-09,0.022727272727024683
Guinea,2015-11-10,0.02272727272747943
Guinea,2015-11-11,0.022727272727024683
Guinea,2015-11-12,0.02272727272747943
Guinea,2015-11-13,0.022727272727024683
Guinea,2015-11-14,0.02272727272747943
Guinea,2015-11-15,0.022727272727024683
Guinea,2015-11-16,0.02272727272747943
Guinea,2015-11-17,0.022727272727024683
Guinea,2015-11-18,0.02272727272747943
Guinea,2015-11-19,0.02272727272747943
Guinea,2015-11-20,0.022727272727024683
Guinea,2015-11-21,0.02272727272747943
Guinea,2015-11-22,0.022727272727024683
Guinea,2015-11-23,0.02272727272747943
Guinea,2015-11-24,0.022727272727024683
Guinea,2015-11-25,0.02272727272747943
Guinea,2015-11-26,0.022727272727024683
Guinea,2015-11-27,0.02272727272747943
Guinea,2015-11-28,0.022727272727024683
Guinea,2015-11-29,0.02272727272747943
Guinea,2015-11-30,0.02272727272747943
Guinea,2015-12-01,0.022727272727024683
Guinea,2015-12-02,0.02272727272747943
Guinea,2015-12-03,0.022727272727024683
Guinea,2015-12-04,0.02272727272747943
Guinea,2015-12-05,0.022727272727024683
Guinea,2015-12-06,0.02272727272747943
Guinea,2015-12-07,0.022727272727024683
Guinea,2015-12-08,0.02272727272747943
Guinea,2015-12-09,0.022727272727024683
Guinea,2015-12-10,0.02272727272747943
Guinea,2015-12-11,0.02272727272747943
Guinea,2015-12-12,0.022727272727024683
Guinea,2015-12-13,0.02272727272747943
Guinea,2015-12-14,0.022727272727024683
Guinea,2015-12-15,0.02272727272747943
Guinea,2015-12-16,0.022727272727024683
Guinea,2015-12-17,0.02272727272747943
Guinea,2015-12-18,0.022727272727024683
Guinea,2015-12-19,0.02272727272747943
Guinea,2015-12-20,0.022727272727024683
Guinea,2015-12-21,0.02272727272747943
Guinea,2015-12-22,0.02272727272747943
Guinea,2015-12-23,0.022727272727024683
Guinea,2015-12-24,0.02272727272747943
Guinea,2015-12-25,0.022727272727024683
Guinea,2015-12-26,0.02272727272747943
Guinea,2015-12-27,0.022727272727024683
Guinea,2015-12-28,0.02272727272747943
Guinea,2015-12-29,0.022727272727024683
Guinea,2015-12-30,0.02272727272747943
Guinea,2015-12-31,0.022727272727024683
Guinea,2016-01-01,0.02272727272747943
Guinea,2016-01-02,0.02272727272747943
Guinea,2016-01-03,0.022727272727024683
Guinea,2016-01-04,0.02272727272747943
Guinea,2016-01-05,0.022727272727024683
Guinea,2016-01-06,0.02272727272747943
Guinea,2016-01-07,0.022727272727024683
Guinea,2016-01-08,0.02272727272747943
Guinea,2016-01-09,0.022727272727024683
Guinea,2016-01-10,0.02272727272747943
Guinea,2016-01-11,0.022727272727024683
Guinea,2016-01-12,0.02272727272747943
Guinea,2016-01-13,0.02272727272747943
Guinea,2016-01-14,0.022727272727024683
Guinea,2016-01-15,0.02272727272747943
Guinea,2016-01-16,0.022727272727024683
Guinea,2016-01-17,0.02272727272747943
Guinea,2016-01-18,0.022727272727024683
Guinea,2016-01-19,0.02272727272747943
Guinea,2016-01-20,0.022727272727024683
Guinea,2016-01-21,0.02272727272747943
Guinea,2016-01-22,0.022727272727024683
Guinea,2016-01-23,0.02272727272747943
Guinea,2016-01-24,0.02272727272747943
Guinea,2016-01-25,0.022727272727024683
Guinea,2016-01-26,0.02272727272747943
Guinea,2016-01-27,0.022727272727024683
Guinea,2016-01-28,0.02272727272747943
Guinea,2016-01-29,0.022727272727024683
Guinea,2016-01-30,0.02272727272747943
Guinea,2016-01-31,0.022727272727024683
Guinea,2016-02-01,0.02272727272747943
Guinea,2016-02-02,0.022727272727024683
Guinea,2016-02-03,0.02272727272747943
Liberia,2014-03-30,0
Liberia,2014-03-31,2
Liberia,2014-04-01,0
Liberia,2014-04-02,0
Liberia,2014-04-03,5.333333333333333
Liberia,2014-04-04,5.333333333333333
Liberia,2014-04-05,5.333333333333334
Liberia,2014-04-06,0.75
Liberia,2014-04-07,0.75
Liberia,2014-04-08,0.75
Liberia,2014-04-09,0.75
Liberia,2014-04-10,0.75
Liberia,2014-04-11,0.75
Liberia,2014-04-12,0.75
Liberia,2014-04-13,0.75
Liberia,2014-04-14,0.75
Liberia,2014-04-15,0.75
Liberia,2014-04-16,0.75
Liberia,2014-04-17,0.75
Liberia,2014-04-18,0
Liberia,2014-04-19,0
Liberia,2014-04-20,0
Liberia,2014-04-21,1.75
Liberia,2014-04-22,1.75
Liberia,2014-04-23,0
Liberia,2014-04-24,0.1750000000000007
Liberia,2014-04-25,0.1750000000000007
Liberia,2014-04-26,0.17499999999999716
Liberia,2014-04-27,0.1750000000000007
Liberia,2014-04-28,0.1750000000000007
Liberia,2014-04-29,0.1750000000000007
Liberia,2014-04-30,0.1750000000000007
Liberia,2014-05-01,0.17499999999999716
Liberia,2014-05-02,0.17500000000000426
Liberia,2014-05-03,0.17499999999999716
Liberia,2014-05-04,0.17499999999999716
Liberia,2014-05-05,0.17500000000000426
Liberia,2014-05-06,0.17499999999999716
Liberia,2014-05-07,0.17500000000000426
Liberia,2014-05-08,0.17499999999999716
Liberia,2014-05-09,0.17499999999999716
Liberia,2014-05-10,0.17500000000000426
Liberia,2014-05-11,0.17499999999999716
Liberia,2014-05-12,0.17500000000000426
Liberia,2014-05-13,0.17499999999999716
Liberia,2014-05-14,0.17499999999999716
Liberia,2014-05-15,0.17500000000000426
Liberia,2014-05-16,0.17499999999999716
Liberia,2014-05-17,0.17500000000000426
Liberia,2014-05-18,0.17499999999999716
Liberia,2014-05-19,0.17499999999999716
Liberia,2014-05-20,0.17500000000000426
Liberia,2014-05-21,0.17499999999999716
Liberia,2014-05-22,0.17500000000000426
Liberia,2014-05-23,0.17499999999999716
Liberia,2014-05-24,0.17499999999999716
Liberia,2014-05-25,0.17500000000000426
Liberia,2014-05-26,0.17499999999999716
Liberia,2014-05-27,0.17500000000000426
Liberia,2014-05-28,0.17499999999999716
Liberia,2014-05-29,0.17499999999999716
Liberia,2014-05-30,0.17500000000000426
Liberia,2014-05-31,0.17499999999999716
Liberia,2014-06-01,0.17500000000000426
Liberia,2014-06-02,0.17499999999999716
Liberia,2014-06-03,0.17499999999999716
Liberia,2014-06-04,0.17500000000000426
Liberia,2014-06-05,0.17499999999999716
Liberia,2014-06-06,0.17500000000000426
Liberia,2014-06-07,0.17499999999999716
Liberia,2014-06-08,0.17499999999999716
Liberia,2014-06-09,0.17500000000000426
Liberia,2014-06-10,0.17499999999999716
Liberia,2014-06-11,0.17500000000000426
Liberia,2014-06-12,0.17499999999999716
Liberia,2014-06-13,0.17499999999999716
Liberia,2014-06-14,0.17500000000000426
Liberia,2014-06-15,0.17499999999999716
Liberia,2014-06-16,0.17500000000000426
Liberia,2014-06-17,0.17499999999999716
Liberia,2014-06-18,0.17499999999999716
Liberia,2014-06-19,0.17500000000000426
Liberia,2014-06-20,0.17499999999999716
Liberia,2014-06-21,0.17500000000000426
Liberia,2014-06-22,0.17499999999999716
Liberia,2014-06-23,5.5
Liberia,2014-06-24,5.5
Liberia,2014-06-25,5.5
Liberia,2014-06-26,5.5
Liberia,2014-06-27,0
Liberia,2014-06-28,11
Liberia,2014-06-29,11
Liberia,2014-06-30,11
Liberia,2014-07-01,11
Liberia,2014-07-02,4
Liberia,2014-07-03,4
Liberia,2014-07-04,3.8333333333333286
Liberia,2014-07-05,3.833333333333343
Liberia,2014-07-06,3.8333333333333286
Liberia,2014-07-07,3.833333333333343
Liberia,2014-07-08,3.8333333333333144
Liberia,2014-07-09,3.833333333333343
Liberia,2014-07-10,4.5
Liberia,2014-07-11,4.5
Liberia,2014-07-12,4.5
Liberia,2014-07-13,4.5
Liberia,2014-07-14,4.5
Liberia,2014-07-15,4.5
Liberia,2014-07-16,4.5
Liberia,2014-07-17,4.5
Liberia,2014-07-18,0
Liberia,2014-07-19,22
Liberia,2014-07-20,5.599999999999994
Liberia,2014-07-21,5.599999999999994
Liberia,2014-07-22,5.600000000000023
Liberia,2014-07-23,5.599999999999994
Liberia,2014-07-24,5.599999999999994
Liberia,2014-07-25,25
Liberia,2014-07-26,0
Liberia,2014-07-27,0
Liberia,2014-07-28,23.875
Liberia,2014-07-29,23.875
Liberia,2014-07-30,23.875
Liberia,2014-07-31,23.875
Liberia,2014-08-01,23.25
Liberia,2014-08-02,23.25
Liberia,2014-08-03,38.5
Liberia,2014-08-04,38.5
Liberia,2014-08-05,24
Liberia,2014-08-06,24
Liberia,2014-08-07,19
Liberia,2014-08-08,19
Liberia,2014-08-09,15
Liberia,2014-08-10,15
Liberia,2014-08-11,15
Liberia,2014-08-12,71
Liberia,2014-08-13,58
Liberia,2014-08-14,58
Liberia,2014-08-15,23.399999999999977
Liberia,2014-08-16,23.399999999999977
Liberia,2014-08-17,23.40000000000009
Liberia,2014-08-18,23.399999999999977
Liberia,2014-08-19,23.399999999999977
Liberia,2014-08-20,89.5
Liberia,2014-08-21,89.5
Liberia,2014-08-22,0
Liberia,2014-08-23,0
Liberia,2014-08-24,59.200000000000045
Liberia,2014-08-25,59.200000000000045
Liberia,2014-08-26,59.19999999999982
Liberia,2014-08-27,59.200000000000045
Liberia,2014-08-28,59.200000000000045
Liberia,2014-08-29,45.71428571428578
Liberia,2014-08-30,45.71428571428555
Liberia,2014-08-31,45.71428571428578
Liberia,2014-09-01,45.71428571428578
Liberia,2014-09-02,45.71428571428578
Liberia,2014-09-03,45.71428571428555
Liberia,2014-09-04,45.71428571428578
Liberia,2014-09-05,64.125
Liberia,2014-09-06,64.125
Liberia,2014-09-07,64.125
Liberia,2014-09-08,64.125
Liberia,2014-09-09,4
Liberia,2014-09-10,64.07142857142867
Liberia,2014-09-11,64.07142857142867
Liberia,2014-09-12,64.07142857142844
Liberia,2014-09-13,64.07142857142844
Liberia,2014-09-14,64.0714285714289
Liberia,2014-09-15,64.07142857142844
Liberia,2014-09-16,64.07142857142844
Liberia,2014-09-17,0
Liberia,2014-09-18,303
Liberia,2014-09-19,78
Liberia,2014-09-20,78
Liberia,2014-09-21,78
Liberia,2014-09-22,78
Liberia,2014-09-23,129
Liberia,2014-09-24,129
Liberia,2014-09-25,0
Liberia,2014-09-26,35.59999999999991
Liberia,2014-09-27,35.59999999999991
Liberia,2014-09-28,35.600000000000364
Liberia,2014-09-29,35.59999999999991
Liberia,2014-09-30,35.59999999999991
Liberia,2014-10-01,238
Liberia,2014-10-02,69
Liberia,2014-10-03,69
Liberia,2014-10-04,18
Liberia,2014-10-05,18
Liberia,2014-10-06,18
Liberia,2014-10-07,18
Liberia,2014-10-08,18
Liberia,2014-10-09,76
Liberia,2014-10-10,76
Liberia,2014-10-11,34.600000000000364
Liberia,2014-10-12,34.599999999999454
Liberia,2014-10-13,34.600000000000364
Liberia,2014-10-14,34.599999999999454
Liberia,2014-10-15,34.600000000000364
Liberia,2014-10-16,6.5
Liberia,2014-10-17,6.5
Liberia,2014-10-18,80.60000000000036
Liberia,2014-10-19,80.59999999999945
Liberia,2014-10-20,80.60000000000036
Liberia,2014-10-21,80.59999999999945
Liberia,2014-10-22,80.60000000000036
Liberia,2014-10-23,0
Liberia,2014-10-24,0
Liberia,2014-10-25,0
Liberia,2014-10-26,119.83333333333303
Liberia,2014-10-27,119.83333333333394
Liberia,2014-10-28,119.83333333333303
Liberia,2014-10-29,119.83333333333303
Liberia,2014-10-30,119.83333333333394
Liberia,2014-10-31,119.83333333333303
Liberia,2014-11-01,119.83333333333303
Liberia,2014-11-02,119.83333333333394
Liberia,2014-11-03,119.83333333333303
Liberia,2014-11-04,119.83333333333394
Liberia,2014-11-05,119.83333333333303
Liberia,2014-11-06,119.83333333333303
Liberia,2014-11-07,119.83333333333303
Liberia,2014-11-08,119.83333333333394
Liberia,2014-11-09,119.83333333333303
Liberia,2014-11-10,119.83333333333303
Liberia,2014-11-11,119.83333333333303
Liberia,2014-11-12,119.83333333333394
Liberia,2014-11-13,35.285714285714675
Liberia,2014-11-14,35.285714285713766
Liberia,2014-11-15,35.285714285714675
Liberia,2014-11-16,35.285714285713766
Liberia,2014-11-17,35.285714285714675
Liberia,2014-11-18,35.285714285713766
Liberia,2014-11-19,35.285714285714675
Liberia,2014-11-20,6.5
Liberia,2014-11-21,6.5
Liberia,2014-11-22,17.199999999999818
Liberia,2014-11-23,17.199999999999818
Liberia,2014-11-24,17.200000000000728
Liberia,2014-11-25,17.199999999999818
Liberia,2014-11-26,17.199999999999818
Liberia,2014-11-27,38
Liberia,2014-11-28,38
Liberia,2014-11-29,130.33333333333303
Liberia,2014-11-30,130.33333333333394
Liberia,2014-12-01,130.33333333333303
Liberia,2014-12-02,0
Liberia,2014-12-03,18.33333333333303
Liberia,2014-12-04,18.33333333333394
Liberia,2014-12-05,18.33333333333303
Liberia,2014-12-06,9.66666666666697
Liberia,2014-12-07,9.66666666666606
Liberia,2014-12-08,9.66666666666697
Liberia,2014-12-09,0
Liberia,2014-12-10,0
Liberia,2014-12-11,46
Liberia,2014-12-12,0
Liberia,2014-12-13,10.66666666666697
Liberia,2014-12-14,10.66666666666606
Liberia,2014-12-15,10.66666666666697
Liberia,2014-12-16,0
Liberia,2014-12-17,0
Liberia,2014-12-18,11
Liberia,2014-12-19,11
Liberia,2014-12-20,3.66666666666697
Liberia,2014-12-21,3.6666666666660603
Liberia,2014-12-22,3.66666666666697
Liberia,2014-12-23,0
Liberia,2014-12-24,32
Liberia,2014-12-25,0
Liberia,2014-12-26,0
Liberia,2014-12-27,38.33333333333303
Liberia,2014-12-28,38.33333333333394
Liberia,2014-12-29,38.33333333333303
Liberia,2014-12-30,0
Liberia,2014-12-31,41
Liberia,2015-01-01,0
Liberia,2015-01-02,0
Liberia,2015-01-03,32.33333333333303
Liberia,2015-01-04,32.33333333333394
Liberia,2015-01-05,32.33333333333303
Liberia,2015-01-06,21
Liberia,2015-01-07,21
Liberia,2015-01-08,53
Liberia,2015-01-09,53
Liberia,2015-01-10,5
Liberia,2015-01-11,5
Liberia,2015-01-12,5
Liberia,2015-01-13,0
Liberia,2015-01-14,53
Liberia,2015-01-15,31
Liberia,2015-01-16,0
Liberia,2015-01-17,29
Liberia,2015-01-18,29
Liberia,2015-01-19,29
Liberia,2015-01-20,29
Liberia,2015-01-21,0
Liberia,2015-01-22,46
Liberia,2015-01-23,0
Liberia,2015-01-24,0
Liberia,2015-01-25,0
Liberia,2015-01-26,0
Liberia,2015-01-27,98
Liberia,2015-01-28,0
Liberia,2015-01-29,21
Liberia,2015-01-30,0
Liberia,2015-01-31,8.33333333333394
Liberia,2015-02-01,8.33333333333212
Liberia,2015-02-02,8.33333333333394
Liberia,2015-02-03,61
Liberia,2015-02-04,16
Liberia,2015-02-05,0
Liberia,2015-02-06,0
Liberia,2015-02-07,45.33333333333394
Liberia,2015-02-08,45.33333333333212
Liberia,2015-02-09,45.33333333333394
Liberia,2015-02-10,0
Liberia,2015-02-11,0
Liberia,2015-02-12,0
Liberia,2015-02-13,50
Liberia,2015-02-14,25.33333333333394
Liberia,2015-02-15,25.33333333333212
Liberia,2015-02-16,25.33333333333394
Liberia,2015-02-17,0
Liberia,2015-02-18,0
Liberia,2015-02-19,44.5
Liberia,2015-02-20,44.5
Liberia,2015-02-21,44.33333333333394
Liberia,2015-02-22,44.33333333333212
Liberia,2015-02-23,44.33333333333394
Liberia,2015-02-24,9
Liberia,2015-02-25,9
Liberia,2015-02-26,9
Liberia,2015-02-27,9
Liberia,2015-02-28,0
Liberia,2015-03-01,0
Liberia,2015-03-02,0
Liberia,2015-03-03,11.142857142856883
Liberia,2015-03-04,11.142857142856883
Liberia,2015-03-05,11.142857142856883
Liberia,2015-03-06,11.142857142858702
Liberia,2015-03-07,11.142857142856883
Liberia,2015-03-08,11.142857142856883
Liberia,2015-03-09,11.142857142856883
Liberia,2015-03-10,0
Liberia,2015-03-11,0
Liberia,2015-03-12,0
Liberia,2015-03-13,139
Liberia,2015-03-14,0
Liberia,2015-03-15,0
Liberia,2015-03-16,0
Liberia,2015-03-17,44
Liberia,2015-03-18,0
Liberia,2015-03-19,29
Liberia,2015-03-20,0
Liberia,2015-03-21,12.66666666666606
Liberia,2015-03-22,12.66666666666788
Liberia,2015-03-23,12.66666666666606
Liberia,2015-03-24,3
Liberia,2015-03-25,3
Liberia,2015-03-26,3
Liberia,2015-03-27,0
Liberia,2015-03-28,0
Liberia,2015-03-29,0
Liberia,2015-03-30,0
Liberia,2015-03-31,110
Liberia,2015-04-01,0
Liberia,2015-04-02,0
Liberia,2015-04-03,30
Liberia,2015-04-04,30
Liberia,2015-04-05,30
Liberia,2015-04-06,30
Liberia,2015-04-07,30
Liberia,2015-04-08,0
Liberia,2015-04-09,0
Liberia,2015-04-10,0
Liberia,2015-04-11,0
Liberia,2015-04-12,0
Liberia,2015-04-13,0
Liberia,2015-04-14,0
Liberia,2015-04-15,180
Liberia,2015-04-16,0
Liberia,2015-04-17,0
Liberia,2015-04-18,0
Liberia,2015-04-19,0
Liberia,2015-04-20,0
Liberia,2015-04-21,0
Liberia,2015-04-22,170
Liberia,2015-04-23,0
Liberia,2015-04-24,0
Liberia,2015-04-25,0
Liberia,2015-04-26,0
Liberia,2015-04-27,0
Liberia,2015-04-28,110
Liberia,2015-04-29,0
Liberia,2015-04-30,0
Liberia,2015-05-01,0
Liberia,2015-05-02,0
Liberia,2015-05-03,0
Liberia,2015-05-04,0
Liberia,2015-05-05,185
Liberia,2015-05-06,57
Liberia,2015-05-07,0
Liberia,2015-05-08,0
Liberia,2015-05-09,13.33333333333394
Liberia,2015-05-10,13.33333333333212
Liberia,2015-05-11,13.33333333333394
Liberia,2015-05-12,0
Liberia,2015-05-13,0
Liberia,2015-05-14,0
Liberia,2015-05-15,0
Liberia,2015-05-16,20.66666666666606
Liberia,2015-05-17,20.66666666666788
Liberia,2015-05-18,20.66666666666606
Liberia,2015-05-19,0
Liberia,2015-05-20,0
Liberia,2015-05-21,0
Liberia,2015-05-22,0
Liberia,2015-05-23,0
Liberia,2015-05-24,0
Liberia,2015-05-25,0
Liberia,2015-05-26,0
Liberia,2015-05-27,0
Liberia,2015-05-28,0
Liberia,2015-05-29,0
Liberia,2015-05-30,0
Liberia,2015-05-31,0
Liberia,2015-06-01,0
Liberia,2015-06-02,0
Liberia,2015-06-03,0
Liberia,2015-06-04,0
Liberia,2015-06-05,0
Liberia,2015-06-06,0
Liberia,2015-06-07,0
Liberia,2015-06-08,0
Liberia,2015-06-09,0
Liberia,2015-06-10,0
Liberia,2015-06-11,0
Liberia,2015-06-12,0
Liberia,2015-06-13,0
Liberia,2015-06-14,0
Liberia,2015-06-15,0
Liberia,2015-06-16,0
Liberia,2015-06-17,0
Liberia,2015-06-18,0
Liberia,2015-06-19,0
Liberia,2015-06-20,0
Liberia,2015-06-21,0
Liberia,2015-06-22,0
Liberia,2015-06-23,0
Liberia,2015-06-24,0
Liberia,2015-06-25,0
Liberia,2015-06-26,0
Liberia,2015-06-27,0
Liberia,2015-06-28,0
Liberia,2015-06-29,0
Liberia,2015-06-30,0
Liberia,2015-07-01,0
Liberia,2015-07-02,0
Liberia,2015-07-03,1
Liberia,2015-07-04,1
Liberia,2015-07-05,1
Liberia,2015-07-06,1
Liberia,2015-07-07,0
Liberia,2015-07-08,0
Liberia,2015-07-09,2
Liberia,2015-07-10,0
Liberia,2015-07-11,0
Liberia,2015-07-12,0
Liberia,2015-07-13,0
Liberia,2015-07-14,1
Liberia,2015-07-15,0
Liberia,2015-07-16,0
Liberia,2015-07-17,0
Liberia,2015-07-18,0
Liberia,2015-07-19,0
Liberia,2015-07-20,0
Liberia,2015-07-21,0
Liberia,2015-07-22,0
Liberia,2015-07-23,0
Liberia,2015-07-24,0
Liberia,2015-07-25,0
Liberia,2015-07-26,0
Liberia,2015-07-27,0
Liberia,2015-07-28,0
Liberia,2015-07-29,0
Liberia,2015-07-30,0.016806722689580056
Liberia,2015-07-31,0.016806722687761066
Liberia,2015-08-01,0.016806722689580056
Liberia,2015-08-02,0.016806722689580056
Liberia,2015-08-03,0.016806722689580056
Liberia,2015-08-04,0.016806722687761066
Liberia,2015-08-05,0.016806722689580056
Liberia,2015-08-06,0.016806722689580056
Liberia,2015-08-07,0.016806722689580056
Liberia,2015-08-08,0.016806722687761066
Liberia,2015-08-09,0.016806722689580056
Liberia,2015-08-10,0.016806722689580056
Liberia,2015-08-11,0.016806722687761066
Liberia,2015-08-12,0.016806722689580056
Liberia,2015-08-13,0.016806722689580056
Liberia,2015-08-14,0.016806722689580056
Liberia,2015-08-15,0.016806722687761066
Liberia,2015-08-16,0.016806722689580056
Liberia,2015-08-17,0.016806722689580056
Liberia,2015-08-18,0.016806722687761066
Liberia,2015-08-19,0.016806722689580056
Liberia,2015-08-20,0.016806722689580056
Liberia,2015-08-21,0.016806722689580056
Liberia,2015-08-22,0.016806722687761066
Liberia,2015-08-23,0.016806722689580056
Liberia,2015-08-24,0.016806722689580056
Liberia,2015-08-25,0.016806722689580056
Liberia,2015-08-26,0.016806722687761066
Liberia,2015-08-27,0.016806722689580056
Liberia,2015-08-28,0.016806722689580056
Liberia,2015-08-29,0.016806722687761066
Liberia,2015-08-30,0.016806722689580056
Liberia,2015-08-31,0.016806722689580056
Liberia,2015-09-01,0.016806722689580056
Liberia,2015-09-02,0.016806722687761066
Liberia,2015-09-03,0.016806722689580056
Liberia,2015-09-04,0.016806722689580056
Liberia,2015-09-05,0.016806722687761066
Liberia,2015-09-06,0.016806722689580056
Liberia,2015-09-07,0.016806722689580056
Liberia,2015-09-08,0.016806722689580056
Liberia,2015-09-09,0.016806722687761066
Liberia,2015-09-10,0.016806722689580056
Liberia,2015-09-11,0.016806722689580056
Liberia,2015-09-12,0.016806722689580056
Liberia,2015-09-13,0.016806722687761066
Liberia,2015-09-14,0.016806722689580056
Liberia,2015-09-15,0.016806722689580056
Liberia,2015-09-16,0.016806722687761066
Liberia,2015-09-17,0.016806722689580056
Liberia,2015-09-18,0.016806722689580056
Liberia,2015-09-19,0.016806722689580056
Liberia,2015-09-20,0.016806722687761066
Liberia,2015-09-21,0.016806722689580056
Liberia,2015-09-22,0.016806722689580056
Liberia,2015-09-23,0.016806722687761066
Liberia,2015-09-24,0.016806722689580056
Liberia,2015-09-25,0.016806722689580056
Liberia,2015-09-26,0.016806722689580056
Liberia,2015-09-27,0.016806722687761066
Liberia,2015-09-28,0.016806722689580056
Liberia,2015-09-29,0.016806722689580056
Liberia,2015-09-30,0.016806722689580056
Liberia,2015-10-01,0.016806722687761066
Liberia,2015-10-02,0.016806722689580056
Liberia,2015-10-03,0.016806722689580056
Liberia,2015-10-04,0.016806722687761066
Liberia,2015-10-05,0.016806722689580056
Liberia,2015-10-06,0.016806722689580056
Liberia,2015-10-07,0.016806722689580056
Liberia,2015-10-08,0.016806722687761066
Liberia,2015-10-09,0.016806722689580056
Liberia,2015-10-10,0.016806722689580056
Liberia,2015-10-11,0.016806722687761066
Liberia,2015-10-12,0.016806722689580056
Liberia,2015-10-13,0.016806722689580056
Liberia,2015-10-14,0.016806722689580056
Liberia,2015-10-15,0.016806722687761066
Liberia,2015-10-16,0.016806722689580056
Liberia,2015-10-17,0.016806722689580056
Liberia,2015-10-18,0.016806722689580056
Liberia,2015-10-19,0.016806722687761066
Liberia,2015-10-20,0.016806722689580056
Liberia,2015-10-21,0.016806722689580056
Liberia,2015-10-22,0.016806722687761066
Liberia,2015-10-23,0.016806722689580056
Liberia,2015-10-24,0.016806722689580056
Liberia,2015-10-25,0.016806722689580056
Liberia,2015-10-26,0.016806722687761066
Liberia,2015-10-27,0.016806722689580056
Liberia,2015-10-28,0.016806722689580056
Liberia,2015-10-29,0.016806722687761066
Liberia,2015-10-30,0.016806722689580056
Liberia,2015-10-31,0.016806722689580056
Liberia,2015-11-01,0.016806722689580056
Liberia,2015-11-02,0.016806722687761066
Liberia,2015-11-03,0.016806722689580056
Liberia,2015-11-04,0.016806722689580056
Liberia,2015-11-05,0.016806722689580056
Liberia,2015-11-06,0.016806722687761066
Liberia,2015-11-07,0.016806722689580056
Liberia,2015-11-08,0.016806722689580056
Liberia,2015-11-09,0.016806722687761066
Liberia,2015-11-10,0.016806722689580056
Liberia,2015-11-11,0.016806722689580056
Liberia,2015-11-12,0.016806722689580056
Liberia,2015-11-13,0.016806722687761066
Liberia,2015-11-14,0.016806722689580056
Liberia,2015-11-15,0.016806722689580056
Liberia,2015-11-16,0.016806722687761066
Liberia,2015-11-17,0.016806722689580056
Liberia,2015-11-18,0.016806722689580056
Liberia,2015-11-19,0.016806722689580056
Liberia,2015-11-20,0.016806722687761066
Liberia,2015-11-21,0.016806722689580056
Liberia,2015-11-22,0.016806722689580056
Liberia,2015-11-23,0.016806722689580056
Liberia,2015-11-24,0.016806722687761066
Liberia,2015-11-25,0.016806722689580056
Liberia,2015-11-26,0
Liberia,2015-11-27,0
Liberia,2015-11-28,0
Liberia,2015-11-29,0
Liberia,2015-11-30,0
Liberia,2015-12-01,0
Liberia,2015-12-02,0
Liberia,2015-12-03,0
Liberia,2015-12-04,0
Liberia,2015-12-05,0
Liberia,2015-12-06,0
Liberia,2015-12-07,0
Liberia,2015-12-08,0
Liberia,2015-12-09,0
Liberia,2015-12-10,0
Liberia,2015-12-11,0
Liberia,2015-12-12,0
Liberia,2015-12-13,0
Liberia,2015-12-14,0
Liberia,2015-12-15,0
Liberia,2015-12-16,0
Liberia,2015-12-17,0
Liberia,2015-12-18,0
Liberia,2015-12-19,0
Liberia,2015-12-20,0
Liberia,2015-12-21,0
Liberia,2015-12-22,0
Liberia,2015-12-23,0
Liberia,2015-12-24,0
Liberia,2015-12-25,0
Liberia,2015-12-26,0
Liberia,2015-12-27,0
Liberia,2015-12-28,0
Liberia,2015-12-29,0
Liberia,2015-12-30,0
Liberia,2015-12-31,0
Liberia,2016-01-01,0
Liberia,2016-01-02,0
Liberia,2016-01-03,0
Liberia,2016-01-04,0
Liberia,2016-01-05,0
Liberia,2016-01-06,0
Liberia,2016-01-07,0
Liberia,2016-01-08,0
Liberia,2016-01-09,0
Liberia,2016-01-10,0
Liberia,2016-01-11,0
Liberia,2016-01-12,0
Liberia,2016-01-13,0
Liberia,2016-01-14,0
Liberia,2016-01-15,0
Liberia,2016-01-16,0
Liberia,2016-01-17,0
Liberia,2016-01-18,0
Liberia,2016-01-19,0
Liberia,2016-01-20,0
Liberia,2016-01-21,0
Liberia,2016-01-22,0
Liberia,2016-01-23,0
Liberia,2016-01-24,0
Liberia,2016-01-25,0
Liberia,2016-01-26,0
Liberia,2016-01-27,0
Liberia,2016-01-28,0
Liberia,2016-01-29,0
Liberia,2016-01-30,0
Liberia,2016-01-31,0
Liberia,2016-02-01,0
Liberia,2016-02-02,0
Liberia,2016-02-03,0
Mali,2014-10-22,0
Mali,2014-10-23,1
Mali,2014-10-24,0
Mali,2014-10-25,0
Mali,2014-10-26,0
Mali,2014-10-27,0
Mali,2014-10-28,0
Mali,2014-10-29,0
Mali,2014-10-30,0
Mali,2014-10-31,0
Mali,2014-11-01,0
Mali,2014-11-02,0
Mali,2014-11-03,0
Mali,2014-11-04,0
Mali,2014-11-05,0
Mali,2014-11-06,0
Mali,2014-11-07,0
Mali,2014-11-08,0.125
Mali,2014-11-09,0.125
Mali,2014-11-10,0.125
Mali,2014-11-11,0.125
Mali,2014-11-12,2.5
Mali,2014-11-13,0.2999999999999998
Mali,2014-11-14,0.2999999999999998
Mali,2014-11-15,0.3000000000000007
Mali,2014-11-16,0.2999999999999998
Mali,2014-11-17,0.2999999999999998
Mali,2014-11-18,0.2999999999999998
Mali,2014-11-19,0.2999999999999998
Mali,2014-11-20,0.3000000000000007
Mali,2014-11-21,0.2999999999999998
Mali,2014-11-22,0.2999999999999998
Mali,2014-11-23,0.5
Mali,2014-11-24,0.5
Mali,2014-11-25,0
Mali,2014-11-26,0
Mali,2014-11-27,0
Mali,2014-11-28,0
Mali,2014-11-29,0
Mali,2014-11-30,0
Mali,2014-12-01,0
Mali,2014-12-02,0
Mali,2014-12-03,0
Mali,2014-12-04,0
Mali,2014-12-05,0
Mali,2014-12-06,0
Mali,2014-12-07,0
Mali,2014-12-08,0
Mali,2014-12-09,0
Mali,2014-12-10,0
Mali,2014-12-11,0
Mali,2014-12-12,0
Mali,2014-12-13,0
Mali,2014-12-14,0
Mali,2014-12-15,0
Mali,2014-12-16,0
Mali,2014-12-17,0
Nigeria,2014-07-23,0
Nigeria,2014-07-24,1
Nigeria,2014-07-25,0.5384615384615385
Nigeria,2014-07-26,0.5384615384615385
Nigeria,2014-07-27,0.5384615384615383
Nigeria,2014-07-28,0.5384615384615388
Nigeria,2014-07-29,0.5384615384615383
Nigeria,2014-07-30,0.5384615384615383
Nigeria,2014-07-31,0.5384615384615383
Nigeria,2014-08-01,0.5384615384615392
Nigeria,2014-08-02,0.5384615384615374
Nigeria,2014-08-03,0.5384615384615392
Nigeria,2014-08-04,0.5384615384615383
Nigeria,2014-08-05,0.5384615384615383
Nigeria,2014-08-06,0.5384615384615383
Nigeria,2014-08-07,0.5
Nigeria,2014-08-08,0.5
Nigeria,2014-08-09,0.5
Nigeria,2014-08-10,0.5
Nigeria,2014-08-11,0.5
Nigeria,2014-08-12,0.5
Nigeria,2014-08-13,0.25
Nigeria,2014-08-14,0.25
Nigeria,2014-08-15,0.6999999999999993
Nigeria,2014-08-16,0.7000000000000011
Nigeria,2014-08-17,0.6999999999999993
Nigeria,2014-08-18,0.7000000000000011
Nigeria,2014-08-19,0.6999999999999993
Nigeria,2014-08-20,0
Nigeria,2014-08-21,1
Nigeria,2014-08-22,0
Nigeria,2014-08-23,0.03418803418803407
Nigeria,2014-08-24,0.03418803418803407
Nigeria,2014-08-25,0.03418803418803407
Nigeria,2014-08-26,0.03418803418803407
Nigeria,2014-08-27,0.03418803418803407
Nigeria,2014-08-28,0.03418803418803407
Nigeria,2014-08-29,0.03418803418803407
Nigeria,2014-08-30,0.03418803418803407
Nigeria,2014-08-31,0.03418803418803407
Nigeria,2014-09-01,0.03418803418803407
Nigeria,2014-09-02,0.03418803418803407
Nigeria,2014-09-03,0.03418803418803407
Nigeria,2014-09-04,0.03418803418803407
Nigeria,2014-09-05,0.03418803418803407
Nigeria,2014-09-06,0.03418803418803407
Nigeria,2014-09-07,0.03418803418803762
Nigeria,2014-09-08,0.03418803418803407
Nigeria,2014-09-09,0.03418803418803407
Nigeria,2014-09-10,0.03418803418803407
Nigeria,2014-09-11,0.03418803418803407
Nigeria,2014-09-12,0.03418803418803407
Nigeria,2014-09-13,0.03418803418803407
Nigeria,2014-09-14,0.03418803418803407
Nigeria,2014-09-15,0.03418803418803407
Nigeria,2014-09-16,0.03418803418803407
Nigeria,2014-09-17,0.03418803418803407
Nigeria,2014-09-18,0.03418803418803407
Nigeria,2014-09-19,0.03418803418803407
Nigeria,2014-09-20,0.03418803418803407
Nigeria,2014-09-21,0.03418803418803407
Nigeria,2014-09-22,0.03418803418803407
Nigeria,2014-09-23,0.03418803418803407
Nigeria,2014-09-24,0.03418803418803407
Nigeria,2014-09-25,0.03418803418803407
Nigeria,2014-09-26,0.03418803418803407
Nigeria,2014-09-27,0.03418803418803407
Nigeria,2014-09-28,0.03418803418803407
Nigeria,2014-09-29,0.03418803418803407
Nigeria,2014-09-30,0.03418803418803407
Nigeria,2014-10-01,0.03418803418803407
Nigeria,2014-10-02,0.03418803418803407
Nigeria,2014-10-03,0.03418803418803407
Nigeria,2014-10-04,0.03418803418803762
Nigeria,2014-10-05,0.03418803418803407
Nigeria,2014-10-06,0.03418803418803407
Nigeria,2014-10-07,0.03418803418803407
Nigeria,2014-10-08,0.03418803418803407
Nigeria,2014-10-09,0.03418803418803407
Nigeria,2014-10-10,0.03418803418803407
Nigeria,2014-10-11,0.03418803418803407
Nigeria,2014-10-12,0.03418803418803407
Nigeria,2014-10-13,0.03418803418803407
Nigeria,2014-10-14,0.03418803418803407
Nigeria,2014-10-15,0.03418803418803407
Nigeria,2014-10-16,0.03418803418803407
Nigeria,2014-10-17,0.03418803418803407
Nigeria,2014-10-18,0.03418803418803407
Nigeria,2014-10-19,0.03418803418803407
Nigeria,2014-10-20,0.03418803418803407
Nigeria,2014-10-21,0.03418803418803407
Nigeria,2014-10-22,0.03418803418803407
Nigeria,2014-10-23,0.03418803418803407
Nigeria,2014-10-24,0.03418803418803407
Nigeria,2014-10-25,0.03418803418803407
Nigeria,2014-10-26,0.03418803418803407
Nigeria,2014-10-27,0.03418803418803407
Nigeria,2014-10-28,0.03418803418803407
Nigeria,2014-10-29,0.03418803418803407
Nigeria,2014-10-30,0.03418803418803407
Nigeria,2014-10-31,0.03418803418803407
Nigeria,2014-11-01,0.03418803418803407
Nigeria,2014-11-02,0.03418803418803407
Nigeria,2014-11-03,0.03418803418803407
Nigeria,2014-11-04,0.03418803418803407
Nigeria,2014-11-05,0.03418803418803762
Nigeria,2014-11-06,0.03418803418803407
Nigeria,2014-11-07,0.03418803418803407
Nigeria,2014-11-08,0.03418803418803407
Nigeria,2014-11-09,0.03418803418803407
Nigeria,2014-11-10,0.03418803418803407
Nigeria,2014-11-11,0.03418803418803407
Nigeria,2014-11-12,0.03418803418803407
Nigeria,2014-11-13,0.03418803418803407
Nigeria,2014-11-14,0.03418803418803407
Nigeria,2014-11-15,0.03418803418803407
Nigeria,2014-11-16,0.03418803418803407
Nigeria,2014-11-17,0.03418803418803407
Nigeria,2014-11-18,0.03418803418803407
Nigeria,2014-11-19,0.03418803418803407
Nigeria,2014-11-20,0.03418803418803407
Nigeria,2014-11-21,0.03418803418803407
Nigeria,2014-11-22,0.03418803418803407
Nigeria,2014-11-23,0.03418803418803407
Nigeria,2014-11-24,0.03418803418803407
Nigeria,2014-11-25,0.03418803418803407
Nigeria,2014-11-26,0.03418803418803407
Nigeria,2014-11-27,0.03418803418803407
Nigeria,2014-11-28,0.03418803418803407
Nigeria,2014-11-29,0.03418803418803407
Nigeria,2014-11-30,0.03418803418803407
Nigeria,2014-12-01,0.03418803418803762
Nigeria,2014-12-02,0.03418803418803407
Nigeria,2014-12-03,0.03418803418803407
Nigeria,2014-12-04,0.03418803418803407
Nigeria,2014-12-05,0.03418803418803407
Nigeria,2014-12-06,0.03418803418803407
Nigeria,2014-12-07,0.03418803418803407
Nigeria,2014-12-08,0.03418803418803407
Nigeria,2014-12-09,0.03418803418803407
Nigeria,2014-12-10,0.03418803418803407
Nigeria,2014-12-11,0.03418803418803407
Nigeria,2014-12-12,0.03418803418803407
Nigeria,2014-12-13,0.03418803418803407
Nigeria,2014-12-14,0.03418803418803407
Nigeria,2014-12-15,0.03418803418803407
Nigeria,2014-12-16,0.03418803418803407
Nigeria,2014-12-17,0.03418803418803407
Senegal,2014-08-10,0
Senegal,2014-08-11,1
Senegal,2014-08-12,0
Senegal,2014-08-13,0
Senegal,2014-08-14,0
Senegal,2014-08-15,0
Senegal,2014-08-16,0
Senegal,2014-08-17,0
Senegal,2014-08-18,0
Senegal,2014-08-19,0
Senegal,2014-08-20,0
Senegal,2014-08-21,0
Senegal,2014-08-22,0
Senegal,2014-08-23,0
Senegal,2014-08-24,0
Senegal,2014-08-25,0
Senegal,2014-08-26,0
Senegal,2014-08-27,0
Senegal,2014-08-28,0
Senegal,2014-08-29,0
Senegal,2014-08-30,0
Senegal,2014-08-31,0
Senegal,2014-09-01,0
Senegal,2014-09-02,0
Senegal,2014-09-03,0
Senegal,2014-09-04,0
Senegal,2014-09-05,0
Senegal,2014-09-06,0
Senegal,2014-09-07,0
Senegal,2014-09-08,0
Senegal,2014-09-09,0
Senegal,2014-09-10,0
Senegal,2014-09-11,0
Senegal,2014-09-12,0
Senegal,2014-09-13,0
Senegal,2014-09-14,0
Senegal,2014-09-15,0
Senegal,2014-09-16,0
Senegal,2014-09-17,0
Senegal,2014-09-18,0
Senegal,2014-09-19,0
Senegal,2014-09-20,0
Senegal,2014-09-21,0
Senegal,2014-09-22,0
Senegal,2014-09-23,0
Senegal,2014-09-24,0
Senegal,2014-09-25,0
Senegal,2014-09-26,0
Senegal,2014-09-27,0
Senegal,2014-09-28,0
Senegal,2014-09-29,0
Senegal,2014-09-30,0
Senegal,2014-10-01,0
Senegal,2014-10-02,0
Senegal,2014-10-03,0
Senegal,2014-10-04,0
Senegal,2014-10-05,0
Senegal,2014-10-06,0
Senegal,2014-10-07,0
Senegal,2014-10-08,0
Senegal,2014-10-09,0
Senegal,2014-10-10,0
Senegal,2014-10-11,0
Senegal,2014-10-12,0
Senegal,2014-10-13,0
Senegal,2014-10-14,0
Senegal,2014-10-15,0
Senegal,2014-10-16,0
Senegal,2014-10-17,0
Senegal,2014-10-18,0
Senegal,2014-10-19,0
Senegal,2014-10-20,0
Senegal,2014-10-21,0
Senegal,2014-10-22,0
Senegal,2014-10-23,0
Senegal,2014-10-24,0
Senegal,2014-10-25,0
Senegal,2014-10-26,0
Senegal,2014-10-27,0
Senegal,2014-10-28,0
Senegal,2014-10-29,0
Senegal,2014-10-30,0
Senegal,2014-10-31,0
Senegal,2014-11-01,0
Senegal,2014-11-02,0
Senegal,2014-11-03,0
Senegal,2014-11-04,0
Senegal,2014-11-05,0
Senegal,2014-11-06,0
Senegal,2014-11-07,0
Senegal,2014-11-08,0
Senegal,2014-11-09,0
Senegal,2014-11-10,0
Senegal,2014-11-11,0
Senegal,2014-11-12,0
Senegal,2014-11-13,0
Senegal,2014-11-14,0
Senegal,2014-11-15,0
Senegal,2014-11-16,0
Senegal,2014-11-17,0
Senegal,2014-11-18,0
Senegal,2014-11-19,0
Senegal,2014-11-20,0
Senegal,2014-11-21,0
Senegal,2014-11-22,0
Senegal,2014-11-23,0
Senegal,2014-11-24,0
Senegal,2014-11-25,0
Senegal,2014-11-26,0
Senegal,2014-11-27,0
Senegal,2014-11-28,0
Senegal,2014-11-29,0
Senegal,2014-11-30,0
Senegal,2014-12-01,0
Senegal,2014-12-02,0
Senegal,2014-12-03,0
Senegal,2014-12-04,0
Senegal,2014-12-05,0
Senegal,2014-12-06,0
Senegal,2014-12-07,0
Senegal,2014-12-08,0
Senegal,2014-12-09,0
Senegal,2014-12-10,0
Senegal,2014-12-11,0
Senegal,2014-12-12,0
Senegal,2014-12-13,0
Senegal,2014-12-14,0
Senegal,2014-12-15,0
Senegal,2014-12-16,0
Senegal,2014-12-17,0
Senegal,2014-12-18,0
Senegal,2014-12-19,0
Senegal,2014-12-20,0
Senegal,2014-12-21,0
Senegal,2014-12-22,0
Senegal,2014-12-23,0
Senegal,2014-12-24,0
Senegal,2014-12-25,0
Senegal,2014-12-26,0
Sierra Leone,2014-03-24,0
Sierra Leone,2014-03-25,1.5
Sierra Leone,2014-03-26,0.2265625
Sierra Leone,2014-03-27,0.2265625
Sierra Leone,2014-03-28,0.2265625
Sierra Leone,2014-03-29,0.2265625
Sierra Leone,2014-03-30,0.2265625
Sierra Leone,2014-03-31,0.2265625
Sierra Leone,2014-04-01,0.2265625
Sierra Leone,2014-04-02,0.2265625
Sierra Leone,2014-04-03,0.2265625
Sierra Leone,2014-04-04,0.2265625
Sierra Leone,2014-04-05,0.2265625
Sierra Leone,2014-04-06,0.2265625
Sierra Leone,2014-04-07,0.2265625
Sierra Leone,2014-04-08,0.2265625
Sierra Leone,2014-04-09,0.2265625
Sierra Leone,2014-04-10,0.2265625
Sierra Leone,2014-04-11,0.2265625
Sierra Leone,2014-04-12,0.2265625
Sierra Leone,2014-04-13,0.2265625
Sierra Leone,2014-04-14,0.2265625
Sierra Leone,2014-04-15,0.2265625
Sierra Leone,2014-04-16,0.2265625
Sierra Leone,2014-04-17,0.2265625
Sierra Leone,2014-04-18,0.2265625
Sierra Leone,2014-04-19,0.2265625
Sierra Leone,2014-04-20,0.2265625
Sierra Leone,2014-04-21,0.2265625
Sierra Leone,2014-04-22,0.2265625
Sierra Leone,2014-04-23,0.2265625
Sierra Leone,2014-04-24,0.2265625
Sierra Leone,2014-04-25,0.2265625
Sierra Leone,2014-04-26,0.2265625
Sierra Leone,2014-04-27,0.2265625
Sierra Leone,2014-04-28,0.2265625
Sierra Leone,2014-04-29,0.2265625
Sierra Leone,2014-04-30,0.2265625
Sierra Leone,2014-05-01,0.2265625
Sierra Leone,2014-05-02,0.2265625
Sierra Leone,2014-05-03,0.2265625
Sierra Leone,2014-05-04,0.2265625
Sierra Leone,2014-05-05,0.2265625
Sierra Leone,2014-05-06,0.2265625
Sierra Leone,2014-05-07,0.2265625
Sierra Leone,2014-05-08,0.2265625
Sierra Leone,2014-05-09,0.2265625
Sierra Leone,2014-05-10,0.2265625
Sierra Leone,2014-05-11,0.2265625
Sierra Leone,2014-05-12,0.2265625
Sierra Leone,2014-05-13,0.2265625
Sierra Leone,2014-05-14,0.2265625
Sierra Leone,2014-05-15,0.2265625
Sierra Leone,2014-05-16,0.2265625
Sierra Leone,2014-05-17,0.2265625
Sierra Leone,2014-05-18,0.2265625
Sierra Leone,2014-05-19,0.2265625
Sierra Leone,2014-05-20,0.2265625
Sierra Leone,2014-05-21,0.2265625
Sierra Leone,2014-05-22,0.2265625
Sierra Leone,2014-05-23,0.2265625
Sierra Leone,2014-05-24,0.2265625
Sierra Leone,2014-05-25,0.2265625
Sierra Leone,2014-05-26,0.2265625
Sierra Leone,2014-05-27,0.2265625
Sierra Leone,2014-05-28,0.2265625
Sierra Leone,2014-05-29,0
Sierra Leone,2014-05-30,4
Sierra Leone,2014-05-31,4
Sierra Leone,2014-06-01,4
Sierra Leone,2014-06-02,4
Sierra Leone,2014-06-03,4
Sierra Leone,2014-06-04,4
Sierra Leone,2014-06-05,3.7142857142857153
Sierra Leone,2014-06-06,3.7142857142857153
Sierra Leone,2014-06-07,3.714285714285708
Sierra Leone,2014-06-08,3.7142857142857153
Sierra Leone,2014-06-09,3.7142857142857153
Sierra Leone,2014-06-10,3.7142857142857153
Sierra Leone,2014-06-11,3.7142857142857153
Sierra Leone,2014-06-12,3.714285714285708
Sierra Leone,2014-06-13,3.7142857142857224
Sierra Leone,2014-06-14,3.714285714285708
Sierra Leone,2014-06-15,3.7142857142857224
Sierra Leone,2014-06-16,3.714285714285708
Sierra Leone,2014-06-17,3.714285714285708
Sierra Leone,2014-06-18,3.7142857142857224
Sierra Leone,2014-06-19,11
Sierra Leone,2014-06-20,11
Sierra Leone,2014-06-21,11
Sierra Leone,2014-06-22,11
Sierra Leone,2014-06-23,11
Sierra Leone,2014-06-24,11
Sierra Leone,2014-06-25,2.5
Sierra Leone,2014-06-26,15.5
Sierra Leone,2014-06-27,0
Sierra Leone,2014-06-28,9.75
Sierra Leone,2014-06-29,9.75
Sierra Leone,2014-06-30,9.75
Sierra Leone,2014-07-01,9.75
Sierra Leone,2014-07-02,9.75
Sierra Leone,2014-07-03,9.75
Sierra Leone,2014-07-04,9.75
Sierra Leone,2014-07-05,9.75
Sierra Leone,2014-07-06,13.833333333333314
Sierra Leone,2014-07-07,13.833333333333371
Sierra Leone,2014-07-08,13.833333333333314
Sierra Leone,2014-07-09,13.833333333333314
Sierra Leone,2014-07-10,13.833333333333371
Sierra Leone,2014-07-11,13.833333333333314
Sierra Leone,2014-07-12,12.25
Sierra Leone,2014-07-13,12.25
Sierra Leone,2014-07-14,12.25
Sierra Leone,2014-07-15,12.25
Sierra Leone,2014-07-16,5.5
Sierra Leone,2014-07-17,5.5
Sierra Leone,2014-07-18,0
Sierra Leone,2014-07-19,5
Sierra Leone,2014-07-20,5
Sierra Leone,2014-07-21,5
Sierra Leone,2014-07-22,5
Sierra Leone,2014-07-23,5
Sierra Leone,2014-07-24,25.75
Sierra Leone,2014-07-25,25.75
Sierra Leone,2014-07-26,25.75
Sierra Leone,2014-07-27,25.75
Sierra Leone,2014-07-28,2
Sierra Leone,2014-07-29,2
Sierra Leone,2014-07-30,2
Sierra Leone,2014-07-31,2
Sierra Leone,2014-08-01,20.5
Sierra Leone,2014-08-02,20.5
Sierra Leone,2014-08-03,36
Sierra Leone,2014-08-04,36
Sierra Leone,2014-08-05,22.5
Sierra Leone,2014-08-06,22.5
Sierra Leone,2014-08-07,13
Sierra Leone,2014-08-08,13
Sierra Leone,2014-08-09,11
Sierra Leone,2014-08-10,11
Sierra Leone,2014-08-11,11
Sierra Leone,2014-08-12,33
Sierra Leone,2014-08-13,13.5
Sierra Leone,2014-08-14,13.5
Sierra Leone,2014-08-15,13.5
Sierra Leone,2014-08-16,13.5
Sierra Leone,2014-08-17,13.5
Sierra Leone,2014-08-18,13.5
Sierra Leone,2014-08-19,13.5
Sierra Leone,2014-08-20,16.25
Sierra Leone,2014-08-21,16.25
Sierra Leone,2014-08-22,16.571428571428555
Sierra Leone,2014-08-23,16.571428571428555
Sierra Leone,2014-08-24,16.571428571428555
Sierra Leone,2014-08-25,16.571428571428555
Sierra Leone,2014-08-26,16.57142857142867
Sierra Leone,2014-08-27,16.571428571428555
Sierra Leone,2014-08-28,16.571428571428555
Sierra Leone,2014-08-29,30.789473684210634
Sierra Leone,2014-08-30,30.789473684210407
Sierra Leone,2014-08-31,30.789473684210634
Sierra Leone,2014-09-01,30.789473684210407
Sierra Leone,2014-09-02,30.789473684210634
Sierra Leone,2014-09-03,30.789473684210407
Sierra Leone,2014-09-04,30.789473684210634
Sierra Leone,2014-09-05,30.789473684210407
Sierra Leone,2014-09-06,30.789473684210634
Sierra Leone,2014-09-07,30.789473684210407
Sierra Leone,2014-09-08,30.789473684210634
Sierra Leone,2014-09-09,30.789473684210407
Sierra Leone,2014-09-10,30.789473684210634
Sierra Leone,2014-09-11,30.789473684210407
Sierra Leone,2014-09-12,30.789473684210634
Sierra Leone,2014-09-13,30.789473684210407
Sierra Leone,2014-09-14,30.789473684210634
Sierra Leone,2014-09-15,30.789473684210634
Sierra Leone,2014-09-16,30.789473684210407
Sierra Leone,2014-09-17,9
Sierra Leone,2014-09-18,53
Sierra Leone,2014-09-19,35
Sierra Leone,2014-09-20,35
Sierra Leone,2014-09-21,35
Sierra Leone,2014-09-22,35
Sierra Leone,2014-09-23,26
Sierra Leone,2014-09-24,26
Sierra Leone,2014-09-25,26
Sierra Leone,2014-09-26,26
Sierra Leone,2014-09-27,26
Sierra Leone,2014-09-28,26
Sierra Leone,2014-09-29,26
Sierra Leone,2014-09-30,26
Sierra Leone,2014-10-01,283
Sierra Leone,2014-10-02,66.5
Sierra Leone,2014-10-03,66.5
Sierra Leone,2014-10-04,70.40000000000009
Sierra Leone,2014-10-05,70.40000000000009
Sierra Leone,2014-10-06,70.39999999999964
Sierra Leone,2014-10-07,70.40000000000009
Sierra Leone,2014-10-08,70.40000000000009
Sierra Leone,2014-10-09,80.5
Sierra Leone,2014-10-10,80.5
Sierra Leone,2014-10-11,60.40000000000009
Sierra Leone,2014-10-12,60.40000000000009
Sierra Leone,2014-10-13,60.399999999999636
Sierra Leone,2014-10-14,60.40000000000009
Sierra Leone,2014-10-15,60.40000000000009
Sierra Leone,2014-10-16,79
Sierra Leone,2014-10-17,79
Sierra Leone,2014-10-18,49.333333333333485
Sierra Leone,2014-10-19,49.33333333333303
Sierra Leone,2014-10-20,49.333333333333485
Sierra Leone,2014-10-21,49.333333333333485
Sierra Leone,2014-10-22,49.33333333333303
Sierra Leone,2014-10-23,49.333333333333485
Sierra Leone,2014-10-24,95
Sierra Leone,2014-10-25,95
Sierra Leone,2014-10-26,334.75
Sierra Leone,2014-10-27,334.75
Sierra Leone,2014-10-28,334.75
Sierra Leone,2014-10-29,334.75
Sierra Leone,2014-10-30,17.16666666666697
Sierra Leone,2014-10-31,17.16666666666606
Sierra Leone,2014-11-01,17.16666666666697
Sierra Leone,2014-11-02,17.16666666666697
Sierra Leone,2014-11-03,17.16666666666606
Sierra Leone,2014-11-04,17.16666666666697
Sierra Leone,2014-11-05,3.75
Sierra Leone,2014-11-06,3.75
Sierra Leone,2014-11-07,3.75
Sierra Leone,2014-11-08,3.75
Sierra Leone,2014-11-09,3.75
Sierra Leone,2014-11-10,3.75
Sierra Leone,2014-11-11,3.75
Sierra Leone,2014-11-12,3.75
Sierra Leone,2014-11-13,109
Sierra Leone,2014-11-14,109
Sierra Leone,2014-11-15,97.39999999999964
Sierra Leone,2014-11-16,97.40000000000055
Sierra Leone,2014-11-17,97.39999999999964
Sierra Leone,2014-11-18,97.40000000000055
Sierra Leone,2014-11-19,97.39999999999964
Sierra Leone,2014-11-20,58.5
Sierra Leone,2014-11-21,58.5
Sierra Leone,2014-11-22,81.80000000000018
Sierra Leone,2014-11-23,81.80000000000018
Sierra Leone,2014-11-24,81.79999999999927
Sierra Leone,2014-11-25,81.80000000000018
Sierra Leone,2014-11-26,81.80000000000018
Sierra Leone,2014-11-27,101.5
Sierra Leone,2014-11-28,101.5
Sierra Leone,2014-11-29,102.33333333333303
Sierra Leone,2014-11-30,102.33333333333394
Sierra Leone,2014-12-01,102.33333333333303
Sierra Leone,2014-12-02,203
Sierra Leone,2014-12-03,0
Sierra Leone,2014-12-04,0
Sierra Leone,2014-12-05,0
Sierra Leone,2014-12-06,0
Sierra Leone,2014-12-07,243
Sierra Leone,2014-12-08,243
Sierra Leone,2014-12-09,24.75
Sierra Leone,2014-12-10,24.75
Sierra Leone,2014-12-11,166.5
Sierra Leone,2014-12-12,55
Sierra Leone,2014-12-13,8.5
Sierra Leone,2014-12-14,8.5
Sierra Leone,2014-12-15,187
Sierra Leone,2014-12-16,41.5
Sierra Leone,2014-12-17,41.5
Sierra Leone,2014-12-18,201.5
Sierra Leone,2014-12-19,201.5
Sierra Leone,2014-12-20,60
Sierra Leone,2014-12-21,60
Sierra Leone,2014-12-22,60
Sierra Leone,2014-12-23,65
Sierra Leone,2014-12-24,0
Sierra Leone,2014-12-25,99.5
Sierra Leone,2014-12-26,99.5
Sierra Leone,2014-12-27,68.66666666666606
Sierra Leone,2014-12-28,68.66666666666788
Sierra Leone,2014-12-29,68.66666666666606
Sierra Leone,2014-12-30,37
Sierra Leone,2014-12-31,0
Sierra Leone,2015-01-01,0
Sierra Leone,2015-01-02,81.5
Sierra Leone,2015-01-03,81.5
Sierra Leone,2015-01-04,81.5
Sierra Leone,2015-01-05,81.5
Sierra Leone,2015-01-06,64.5
Sierra Leone,2015-01-07,64.5
Sierra Leone,2015-01-08,64.5
Sierra Leone,2015-01-09,64.5
Sierra Leone,2015-01-10,21.33333333333394
Sierra Leone,2015-01-11,21.33333333333212
Sierra Leone,2015-01-12,21.33333333333394
Sierra Leone,2015-01-13,0
Sierra Leone,2015-01-14,30
Sierra Leone,2015-01-15,26
Sierra Leone,2015-01-16,36
Sierra Leone,2015-01-17,34.25
Sierra Leone,2015-01-18,34.25
Sierra Leone,2015-01-19,34.25
Sierra Leone,2015-01-20,34.25
Sierra Leone,2015-01-21,17
Sierra Leone,2015-01-22,22
Sierra Leone,2015-01-23,38
Sierra Leone,2015-01-24,30.33333333333394
Sierra Leone,2015-01-25,30.33333333333212
Sierra Leone,2015-01-26,30.33333333333394
Sierra Leone,2015-01-27,27
Sierra Leone,2015-01-28,0
Sierra Leone,2015-01-29,19
Sierra Leone,2015-01-30,24
Sierra Leone,2015-01-31,48.66666666666606
Sierra Leone,2015-02-01,48.66666666666788
Sierra Leone,2015-02-02,48.66666666666606
Sierra Leone,2015-02-03,33
Sierra Leone,2015-02-04,0
Sierra Leone,2015-02-05,16
Sierra Leone,2015-02-06,36
Sierra Leone,2015-02-07,37.66666666666606
Sierra Leone,2015-02-08,37.66666666666788
Sierra Leone,2015-02-09,37.66666666666606
Sierra Leone,2015-02-10,29
Sierra Leone,2015-02-11,10
Sierra Leone,2015-02-12,10
Sierra Leone,2015-02-13,33
Sierra Leone,2015-02-14,29
Sierra Leone,2015-02-15,29
Sierra Leone,2015-02-16,29
Sierra Leone,2015-02-17,29
Sierra Leone,2015-02-18,0
Sierra Leone,2015-02-19,26
Sierra Leone,2015-02-20,26
Sierra Leone,2015-02-21,0
Sierra Leone,2015-02-22,0
Sierra Leone,2015-02-23,0
Sierra Leone,2015-02-24,53.75
Sierra Leone,2015-02-25,53.75
Sierra Leone,2015-02-26,53.75
Sierra Leone,2015-02-27,53.75
Sierra Leone,2015-02-28,12.16666666666606
Sierra Leone,2015-03-01,12.16666666666788
Sierra Leone,2015-03-02,12.16666666666606
Sierra Leone,2015-03-03,29.75
Sierra Leone,2015-03-04,29.75
Sierra Leone,2015-03-05,31
Sierra Leone,2015-03-06,20
Sierra Leone,2015-03-07,23
Sierra Leone,2015-03-08,23
Sierra Leone,2015-03-09,23
Sierra Leone,2015-03-10,33
Sierra Leone,2015-03-11,0
Sierra Leone,2015-03-12,58
Sierra Leone,2015-03-13,19
Sierra Leone,2015-03-14,15.33333333333394
Sierra Leone,2015-03-15,15.33333333333212
Sierra Leone,2015-03-16,15.33333333333394
Sierra Leone,2015-03-17,9
Sierra Leone,2015-03-18,0
Sierra Leone,2015-03-19,28
Sierra Leone,2015-03-20,15
Sierra Leone,2015-03-21,11.66666666666606
Sierra Leone,2015-03-22,11.66666666666788
Sierra Leone,2015-03-23,11.66666666666606
Sierra Leone,2015-03-24,12
Sierra Leone,2015-03-25,0
Sierra Leone,2015-03-26,25
Sierra Leone,2015-03-27,23
Sierra Leone,2015-03-28,18
Sierra Leone,2015-03-29,18
Sierra Leone,2015-03-30,18
Sierra Leone,2015-03-31,31
Sierra Leone,2015-04-01,0
Sierra Leone,2015-04-02,48
Sierra Leone,2015-04-03,19
Sierra Leone,2015-04-04,19
Sierra Leone,2015-04-05,19
Sierra Leone,2015-04-06,19
Sierra Leone,2015-04-07,19
Sierra Leone,2015-04-08,19
Sierra Leone,2015-04-09,19
Sierra Leone,2015-04-10,15
Sierra Leone,2015-04-11,6
Sierra Leone,2015-04-12,6
Sierra Leone,2015-04-13,6
Sierra Leone,2015-04-14,13
Sierra Leone,2015-04-15,0
Sierra Leone,2015-04-16,22
Sierra Leone,2015-04-17,21
Sierra Leone,2015-04-18,4
Sierra Leone,2015-04-19,4
Sierra Leone,2015-04-20,4
Sierra Leone,2015-04-21,9
Sierra Leone,2015-04-22,2
Sierra Leone,2015-04-23,27
Sierra Leone,2015-04-24,19
Sierra Leone,2015-04-25,16.33333333333394
Sierra Leone,2015-04-26,16.33333333333212
Sierra Leone,2015-04-27,16.33333333333394
Sierra Leone,2015-04-28,9
Sierra Leone,2015-04-29,0
Sierra Leone,2015-04-30,16
Sierra Leone,2015-05-01,11
Sierra Leone,2015-05-02,9.33333333333394
Sierra Leone,2015-05-03,9.33333333333212
Sierra Leone,2015-05-04,9.33333333333394
Sierra Leone,2015-05-05,14
Sierra Leone,2015-05-06,0
Sierra Leone,2015-05-07,30
Sierra Leone,2015-05-08,22
Sierra Leone,2015-05-09,9
Sierra Leone,2015-05-10,9
Sierra Leone,2015-05-11,9
Sierra Leone,2015-05-12,4
Sierra Leone,2015-05-13,0
Sierra Leone,2015-05-14,13
Sierra Leone,2015-05-15,4
Sierra Leone,2015-05-16,17.66666666666606
Sierra Leone,2015-05-17,17.66666666666788
Sierra Leone,2015-05-18,17.66666666666606
Sierra Leone,2015-05-19,39
Sierra Leone,2015-05-20,0
Sierra Leone,2015-05-21,24
Sierra Leone,2015-05-22,10
Sierra Leone,2015-05-23,10
Sierra Leone,2015-05-24,10
Sierra Leone,2015-05-25,10
Sierra Leone,2015-05-26,10
Sierra Leone,2015-05-27,0
Sierra Leone,2015-05-28,29
Sierra Leone,2015-05-29,14.785714285713766
Sierra Leone,2015-05-30,14.785714285715585
Sierra Leone,2015-05-31,14.785714285713766
Sierra Leone,2015-06-01,14.785714285713766
Sierra Leone,2015-06-02,14.785714285713766
Sierra Leone,2015-06-03,14.785714285715585
Sierra Leone,2015-06-04,14.785714285713766
Sierra Leone,2015-06-05,20.5
Sierra Leone,2015-06-06,8.33333333333394
Sierra Leone,2015-06-07,8.33333333333212
Sierra Leone,2015-06-08,8.33333333333394
Sierra Leone,2015-06-09,17
Sierra Leone,2015-06-10,0
Sierra Leone,2015-06-11,10
Sierra Leone,2015-06-12,21
Sierra Leone,2015-06-13,5
Sierra Leone,2015-06-14,5
Sierra Leone,2015-06-15,5
Sierra Leone,2015-06-16,18
Sierra Leone,2015-06-17,0
Sierra Leone,2015-06-18,25
Sierra Leone,2015-06-19,22
Sierra Leone,2015-06-20,13
Sierra Leone,2015-06-21,13
Sierra Leone,2015-06-22,13
Sierra Leone,2015-06-23,8
Sierra Leone,2015-06-24,0
Sierra Leone,2015-06-25,11.200000000000728
Sierra Leone,2015-06-26,11.199999999998909
Sierra Leone,2015-06-27,11.200000000000728
Sierra Leone,2015-06-28,11.199999999998909
Sierra Leone,2015-06-29,11.200000000000728
Sierra Leone,2015-06-30,4
Sierra Leone,2015-07-01,0
Sierra Leone,2015-07-02,10
Sierra Leone,2015-07-03,5.25
Sierra Leone,2015-07-04,5.25
Sierra Leone,2015-07-05,5.25
Sierra Leone,2015-07-06,5.25
Sierra Leone,2015-07-07,5
Sierra Leone,2015-07-08,0
Sierra Leone,2015-07-09,14
Sierra Leone,2015-07-10,8
Sierra Leone,2015-07-11,8
Sierra Leone,2015-07-12,8
Sierra Leone,2015-07-13,8
Sierra Leone,2015-07-14,8
Sierra Leone,2015-07-15,0
Sierra Leone,2015-07-16,0
Sierra Leone,2015-07-17,0
Sierra Leone,2015-07-18,10.66666666666606
Sierra Leone,2015-07-19,10.66666666666788
Sierra Leone,2015-07-20,10.66666666666606
Sierra Leone,2015-07-21,7
Sierra Leone,2015-07-22,7
Sierra Leone,2015-07-23,7
Sierra Leone,2015-07-24,2
Sierra Leone,2015-07-25,6.66666666666606
Sierra Leone,2015-07-26,6.666666666667879
Sierra Leone,2015-07-27,6.66666666666606
Sierra Leone,2015-07-28,6
Sierra Leone,2015-07-29,0
Sierra Leone,2015-07-30,89
Sierra Leone,2015-07-31,8
Sierra Leone,2015-08-01,5
Sierra Leone,2015-08-02,5
Sierra Leone,2015-08-03,5
Sierra Leone,2015-08-04,4
Sierra Leone,2015-08-05,0
Sierra Leone,2015-08-06,20
Sierra Leone,2015-08-07,2
Sierra Leone,2015-08-08,12.33333333333394
Sierra Leone,2015-08-09,12.33333333333212
Sierra Leone,2015-08-10,12.33333333333394
Sierra Leone,2015-08-11,5
Sierra Leone,2015-08-12,0
Sierra Leone,2015-08-13,14
Sierra Leone,2015-08-14,1
Sierra Leone,2015-08-15,1.3333333333339397
Sierra Leone,2015-08-16,1.3333333333321207
Sierra Leone,2015-08-17,1.3333333333339397
Sierra Leone,2015-08-18,5
Sierra Leone,2015-08-19,0
Sierra Leone,2015-08-20,24
Sierra Leone,2015-08-21,15
Sierra Leone,2015-08-22,1.6666666666660603
Sierra Leone,2015-08-23,1.6666666666678793
Sierra Leone,2015-08-24,1.6666666666660603
Sierra Leone,2015-08-25,3
Sierra Leone,2015-08-26,0
Sierra Leone,2015-08-27,41
Sierra Leone,2015-08-28,4
Sierra Leone,2015-08-29,5.66666666666606
Sierra Leone,2015-08-30,5.666666666667879
Sierra Leone,2015-08-31,5.66666666666606
Sierra Leone,2015-09-01,0
Sierra Leone,2015-09-02,6
Sierra Leone,2015-09-03,29
Sierra Leone,2015-09-04,1
Sierra Leone,2015-09-05,10.33333333333394
Sierra Leone,2015-09-06,10.33333333333212
Sierra Leone,2015-09-07,10.33333333333394
Sierra Leone,2015-09-08,13
Sierra Leone,2015-09-09,0
Sierra Leone,2015-09-10,14
Sierra Leone,2015-09-11,6.75
Sierra Leone,2015-09-12,6.75
Sierra Leone,2015-09-13,6.75
Sierra Leone,2015-09-14,6.75
Sierra Leone,2015-09-15,32
Sierra Leone,2015-09-16,0
Sierra Leone,2015-09-17,23
Sierra Leone,2015-09-18,6
Sierra Leone,2015-09-19,8.66666666666606
Sierra Leone,2015-09-20,8.66666666666788
Sierra Leone,2015-09-21,8.66666666666606
Sierra Leone,2015-09-22,12
Sierra Leone,2015-09-23,0
Sierra Leone,2015-09-24,23
Sierra Leone,2015-09-25,9
Sierra Leone,2015-09-26,13
Sierra Leone,2015-09-27,13
Sierra Leone,2015-09-28,13
Sierra Leone,2015-09-29,17
Sierra Leone,2015-09-30,0
Sierra Leone,2015-10-01,17
Sierra Leone,2015-10-02,3
Sierra Leone,2015-10-03,3.3333333333339397
Sierra Leone,2015-10-04,3.3333333333321207
Sierra Leone,2015-10-05,3.3333333333339397
Sierra Leone,2015-10-06,4
Sierra Leone,2015-10-07,0
Sierra Leone,2015-10-08,11
Sierra Leone,2015-10-09,1
Sierra Leone,2015-10-10,7
Sierra Leone,2015-10-11,7
Sierra Leone,2015-10-12,7
Sierra Leone,2015-10-13,4
Sierra Leone,2015-10-14,0
Sierra Leone,2015-10-15,10
Sierra Leone,2015-10-16,0
Sierra Leone,2015-10-17,2.3333333333339397
Sierra Leone,2015-10-18,2.3333333333321207
Sierra Leone,2015-10-19,2.3333333333339397
Sierra Leone,2015-10-20,2
Sierra Leone,2015-10-21,0
Sierra Leone,2015-10-22,10.200000000000728
Sierra Leone,2015-10-23,10.199999999998909
Sierra Leone,2015-10-24,10.200000000000728
Sierra Leone,2015-10-25,10.199999999998909
Sierra Leone,2015-10-26,10.200000000000728
Sierra Leone,2015-10-27,9
Sierra Leone,2015-10-28,0
Sierra Leone,2015-10-29,5
Sierra Leone,2015-10-30,1
Sierra Leone,2015-10-31,3.6666666666660603
Sierra Leone,2015-11-01,3.6666666666678793
Sierra Leone,2015-11-02,3.6666666666660603
Sierra Leone,2015-11-03,11
Sierra Leone,2015-11-04,0
Sierra Leone,2015-11-05,15
Sierra Leone,2015-11-06,5
Sierra Leone,2015-11-07,4.33333333333394
Sierra Leone,2015-11-08,4.333333333332121
Sierra Leone,2015-11-09,4.33333333333394
Sierra Leone,2015-11-10,0
Sierra Leone,2015-11-11,0
Sierra Leone,2015-11-12,0
Sierra Leone,2015-11-13,0
Sierra Leone,2015-11-14,0
Sierra Leone,2015-11-15,0
Sierra Leone,2015-11-16,0
Sierra Leone,2015-11-17,0
Sierra Leone,2015-11-18,0
Sierra Leone,2015-11-19,0
Sierra Leone,2015-11-20,0
Sierra Leone,2015-11-21,0
Sierra Leone,2015-11-22,0
Sierra Leone,2015-11-23,0
Sierra Leone,2015-11-24,0
Sierra Leone,2015-11-25,0
Sierra Leone,2015-11-26,0
Sierra Leone,2015-11-27,0
Sierra Leone,2015-11-28,0
Sierra Leone,2015-11-29,0
Sierra Leone,2015-11-30,0
Sierra Leone,2015-12-01,0
Sierra Leone,2015-12-02,0
Sierra Leone,2015-12-03,0
Sierra Leone,2015-12-04,0
Sierra Leone,2015-12-05,0
Sierra Leone,2015-12-06,0
Sierra Leone,2015-12-07,0
Sierra Leone,2015-12-08,0
Sierra Leone,2015-12-09,0
Sierra Leone,2015-12-10,0
Sierra Leone,2015-12-11,0
Sierra Leone,2015-12-12,0
Sierra Leone,2015-12-13,0
Sierra Leone,2015-12-14,0
Sierra Leone,2015-12-15,0
Sierra Leone,2015-12-16,0
Sierra Leone,2015-12-17,0
Sierra Leone,2015-12-18,0
Sierra Leone,2015-12-19,0
Sierra Leone,2015-12-20,0
Sierra Leone,2015-12-21,0
Sierra Leone,2015-12-22,0
Sierra Leone,2015-12-23,0
Sierra Leone,2015-12-24,0
Sierra Leone,2015-12-25,0
Sierra Leone,2015-12-26,0
Sierra Leone,2015-12-27,0
Sierra Leone,2015-12-28,0
Sierra Leone,2015-12-29,0
Sierra Leone,2015-12-30,0
Sierra Leone,2015-12-31,0
Sierra Leone,2016-01-01,0
Sierra Leone,2016-01-02,0
Sierra Leone,2016-01-03,0
Sierra Leone,2016-01-04,0
Sierra Leone,2016-01-05,0
Sierra Leone,2016-01-06,0
Sierra Leone,2016-01-07,0
Sierra Leone,2016-01-08,0
Sierra Leone,2016-01-09,0
Sierra Leone,2016-01-10,0
Sierra Leone,2016-01-11,0
Sierra Leone,2016-01-12,0
Sierra Leone,2016-01-13,0
Sierra Leone,2016-01-14,0
Sierra Leone,2016-01-15,0
Sierra Leone,2016-01-16,0
Sierra Leone,2016-01-17,0
Sierra Leone,2016-01-18,0
Sierra Leone,2016-01-19,0
Sierra Leone,2016-01-20,0
