Date,BEYLA,BO,BOFFA,BOKE,BOMBALI,BOMI,BONG,BONTHE,CONAKRY,COYAH,DABOLA,DALABA,DINGUIRAYE,DUBREKA,FARANAH,FORECARIAH,FRIA,GBAPOLU,GRANDBASSA,GRANDCAPEMOUNT,GRANDGEDEH,GRANDKRU,GUECKEDOU,KAILAHUN,KAMBIA,KANKAN,KENEMA,KEROUANE,KINDIA,KISSIDOUGOU,KOINADUGU,KONO,KOUROUSSA,LOFA,LOLA,MACENTA,MALI,MARGIBI,MARYLAND,MONTSERRADO,MOYAMBA,NZEREKORE,NIMBA,PITA,PORTLOKO,PUJEHUN,RIVERCESS,RIVERGEE,SIGUIRI,SINOE,TELIMELE,TONKOLILI,TOUGUE,WESTERN,YAMOU
2013-12-26,0,0,0,0,0,0,0,0,0,0,0,0,0,0,0,0,0,0,0,0,0,0,0,0,0,0,0,0,0,0,0,0,0,0,0,0,0,0,0,0,0,0,0,0,0,1,0,0,0,0,0,0,0,1,0
2013-12-27,0,0,0,0,0,0,0,0,0,0,0,0,0,0,0,0,0,0,0,0,0,0,0,0,0,0,0,0,0,0,0,0,0,0,0,0,0,0,0,0,0,0,0,0,0,0,0,0,0,0,0,0,0,0,0
2013-12-28,0,0,0,0,0,0,0,0,0,0,0,0,0,0,0,0,0,0,0,0,0,0,0,0,0,0,0,0,0,0,0,0,0,0,0,0,0,0,0,0,0,0,0,0,0,0,0,0,0,0,0,0,0,0,0
2013-12-29,0,0,0,0,0,0,0,0,0,0,0,0,0,0,0,0,0,0,0,0,0,0,0,0,0,0,0,0,0,0,0,0,0,0,0,0,0,0,0,0,0,0,0,0,0,0,0,0,0,0,0,0,0,0,0
2013-12-30,0,0,0,0,0,0,0,0,0,0,0,0,0,0,0,0,0,0,0,0,0,0,0,0,0,0,0,0,0,0,0,0,0,0,0,0,0,0,0,0,0,0,0,0,0,0,0,0,0,0,0,0,0,0,0
2013-12-31,0,0,0,0,0,0,0,0,0,0,0,0,0,0,0,0,0,0,0,0,0,0,0,0,0,0,0,0,0,0,0,0,0,0,0,0,0,0,0,0,0,0,0,0,0,0,0,0,0,0,0,0,0,0,0
2014-01-01,0,0,0,0,0,0,0,0,0,0,0,0,0,0,0,0,0,0,0,0,0,0,2,0,0,0,0,0,0,0,0,0,0,0,0,0,0,0,0,0,0,0,0,0,0,0,0,0,0,0,0,1,0,1,0
2014-01-02,0,0,0,0,0,0,0,0,0,0,0,0,0,0,0,0,0,0,0,0,0,0,0,0,0,0,0,0,0,0,0,0,0,0,0,0,0,0,0,0,0,0,0,0,0,0,0,0,0,0,0,0,0,0,0
2014-01-03,0,0,0,0,0,0,0,0,0,0,0,0,0,0,0,0,0,0,0,0,0,0,0,0,0,0,0,0,0,0,0,0,0,0,0,0,0,0,0,0,0,0,0,0,0,0,0,0,0,0,0,0,0,0,0
2014-01-04,0,0,0,0,0,0,0,0,0,0,0,0,0,0,0,0,0,0,0,0,0,0,0,0,0,0,0,0,0,0,0,0,0,0,0,0,0,0,0,0,0,0,0,0,0,0,0,0,0,0,0,0,0,0,0
2014-01-05,0,0,0,0,0,0,0,0,0,0,0,0,0,0,0,0,0,0,0,0,0,0,0,0,0,0,0,0,0,0,0,0,0,0,0,0,0,0,0,0,0,0,0,0,0,0,0,0,0,0,0,0,0,0,0
2014-01-06,0,0,0,0,0,0,0,0,0,0,0,0,0,0,0,0,0,0,0,0,0,0,2,0,0,0,0,0,0,0,0,0,0,0,0,0,0,0,0,0,0,0,0,0,0,0,0,0,0,0,0,0,0,0,0
2014-01-07,0,0,0,0,0,0,0,0,0,0,0,0,0,0,0,0,0,0,0,0,0,0,0,0,0,0,0,0,0,0,0,0,0,0,0,0,0,0,0,0,0,0,0,0,0,0,0,0,0,0,0,0,0,0,0
2014-01-08,0,0,0,0,0,0,0,0,0,0,0,0,0,0,0,0,0,0,0,0,0,0,0,0,0,0,0,0,0,0,0,0,0,0,0,0,0,0,0,0,0,0,0,0,0,0,0,0,0,0,0,0,0,0,0
2014-01-09,0,0,0,0,0,0,0,0,0,0,0,0,0,0,0,0,0,0,0,0,0,0,0,0,0,0,0,0,0,0,0,0,0,0,0,0,0,0,0,0,0,0,0,0,0,0,0,0,0,0,0,0,0,0,0
2014-01-10,0,0,0,0,0,0,0,0,0,0,0,0,0,0,0,0,0,0,0,0,0,0,0,0,0,0,0,0,0,0,0,0,0,0,0,0,0,0,0,0,0,0,0,0,0,0,0,0,0,0,0,0,0,0,0
2014-01-11,0,0,0,0,0,0,0,0,0,0,0,0,0,0,0,0,0,0,0,0,0,0,1,0,0,0,0,0,0,0,0,0,0,0,0,0,0,0,0,0,0,0,0,0,0,0,0,0,0,0,0,0,0,0,0
2014-01-12,0,0,0,0,0,0,0,0,0,0,0,0,0,0,0,0,0,0,0,0,0,0,0,0,0,0,0,0,0,0,0,0,0,0,0,0,0,0,0,0,0,0,0,0,0,0,0,0,0,0,0,0,0,0,0
2014-01-13,0,0,0,0,0,0,0,0,0,0,0,0,0,0,0,0,0,0,0,0,0,0,0,0,0,0,0,0,0,0,0,0,0,0,0,0,0,0,0,0,0,0,0,0,0,0,0,0,0,0,0,0,0,0,0
2014-01-14,0,0,0,0,0,0,0,0,0,0,0,0,0,0,0,0,0,0,0,0,0,0,0,0,0,0,0,0,0,0,0,0,0,0,0,0,0,0,0,0,0,0,0,0,0,0,0,0,0,0,0,0,0,0,0
2014-01-15,0,0,0,0,0,0,0,0,0,0,0,0,0,0,0,0,0,0,0,0,0,0,1,0,0,0,0,0,0,0,0,0,0,0,0,0,0,0,0,0,0,0,0,0,0,0,0,0,0,0,0,0,0,0,0
2014-01-16,0,0,0,0,0,0,0,0,0,0,0,0,0,0,0,0,0,0,0,0,0,0,0,0,0,0,0,0,0,0,0,0,0,0,0,0,0,0,0,0,0,0,0,0,0,0,0,0,0,0,0,0,0,0,0
2014-01-17,0,0,0,0,0,0,0,0,0,0,0,0,0,0,0,0,0,0,0,0,0,0,0,0,0,0,0,0,0,0,0,0,0,0,0,0,0,0,0,0,0,0,0,0,0,0,0,0,0,0,0,0,0,0,0
2014-01-18,0,0,0,0,0,0,0,0,0,0,0,0,0,0,0,0,0,0,0,0,0,0,0,0,0,0,0,0,0,0,0,0,0,0,0,0,0,0,0,0,0,0,0,0,0,0,0,0,0,0,0,0,0,0,0
2014-01-19,0,0,0,0,0,0,0,0,0,0,0,0,0,0,0,0,0,0,0,0,0,0,0,0,0,0,0,0,0,0,0,0,0,0,0,0,0,0,0,0,0,0,0,0,0,0,0,0,0,0,0,0,0,0,0
2014-01-20,0,0,0,0,0,0,0,0,0,0,0,0,0,0,0,0,0,0,0,0,0,0,1,0,0,0,0,0,0,0,0,0,0,0,0,0,0,0,0,0,0,0,0,0,0,0,0,0,0,0,0,0,0,0,0
2014-01-21,0,0,0,0,0,0,0,0,0,0,0,0,0,0,0,0,0,0,0,0,0,0,0,0,0,0,0,0,0,0,0,0,0,0,0,0,0,0,0,0,0,0,0,0,0,0,0,0,0,0,0,0,0,0,0
2014-01-22,0,0,0,0,0,0,0,0,0,0,0,0,0,0,0,0,0,0,0,0,0,0,0,0,0,0,0,0,0,0,0,0,0,0,0,0,0,0,0,0,0,0,0,0,0,0,0,0,0,0,0,0,0,0,0
2014-01-23,0,0,0,0,0,0,0,0,0,0,0,0,0,0,0,0,0,0,0,0,0,0,0,0,0,0,0,0,0,0,0,0,0,0,0,0,0,0,0,0,0,0,0,0,0,0,0,0,0,0,0,0,0,0,0
2014-01-24,0,0,0,0,0,0,0,0,0,0,0,0,0,0,0,0,0,0,0,0,0,0,0,0,0,0,0,0,0,0,0,0,0,0,0,0,0,0,0,0,0,0,0,0,0,0,0,0,0,0,0,0,0,0,0
2014-01-25,0,0,0,0,0,0,0,0,0,0,0,0,0,0,0,0,0,0,0,0,0,0,1,0,0,0,0,0,0,0,0,0,0,0,0,0,0,0,0,0,0,0,0,0,0,0,0,0,0,0,0,0,0,0,0
2014-01-26,0,0,0,0,0,0,0,0,0,0,0,0,0,0,0,0,0,0,0,0,0,0,0,0,0,0,0,0,0,0,0,0,0,0,0,0,0,0,0,0,0,0,0,0,0,0,0,0,0,0,0,0,0,1,0
2014-01-27,0,0,0,0,0,0,0,0,0,0,0,0,0,0,0,0,0,0,0,0,0,0,0,0,0,0,0,0,0,0,0,0,0,0,0,0,0,0,0,0,0,0,0,0,0,0,0,0,0,0,0,0,0,0,0
2014-01-28,0,0,0,0,0,0,0,0,0,0,0,0,0,0,0,0,0,0,0,0,0,0,0,0,0,0,0,0,0,0,0,0,0,0,0,0,0,0,0,0,0,0,0,0,0,0,0,0,0,0,0,0,0,0,0
2014-01-29,0,0,0,0,0,0,0,0,0,0,0,0,0,0,0,0,0,0,0,0,0,0,1,0,0,0,0,0,0,0,0,0,0,0,0,0,0,0,0,0,0,0,0,0,0,0,0,0,0,0,0,0,0,0,0
2014-01-30,0,0,0,0,0,0,0,0,0,0,0,0,0,0,0,0,0,0,0,0,0,0,0,0,0,0,0,0,0,0,0,0,0,0,0,0,0,0,0,0,0,0,0,0,0,0,0,0,0,0,0,0,0,0,0
2014-01-31,0,0,0,0,0,0,0,0,0,0,0,0,0,0,0,0,0,0,0,0,0,0,0,0,0,0,0,0,0,0,0,0,0,0,0,0,0,0,0,0,0,0,0,0,0,0,0,0,0,0,0,0,0,0,0
2014-02-01,0,0,0,0,0,0,0,0,0,0,0,0,0,0,0,0,0,0,0,0,0,0,1,0,0,0,0,0,0,0,0,0,0,0,0,0,0,0,0,0,0,0,0,0,0,0,0,0,0,0,0,0,0,0,0
2014-02-02,0,0,0,0,0,0,0,0,0,0,0,0,0,0,0,0,0,0,0,0,0,0,1,0,0,0,0,0,0,0,0,0,0,0,0,0,0,0,0,0,0,0,0,0,0,0,0,0,0,0,0,0,0,0,0
2014-02-03,0,0,0,0,0,0,0,0,0,0,0,0,0,0,0,0,0,0,0,0,0,0,2,0,0,0,0,0,0,0,0,0,0,0,0,0,0,0,0,0,0,0,0,0,0,0,0,0,0,0,0,0,0,0,0
2014-02-04,0,0,0,0,0,0,0,0,0,0,0,0,0,0,0,0,0,0,0,0,0,0,2,0,0,0,0,0,0,0,0,0,0,0,0,0,0,0,0,0,0,0,0,0,0,0,0,0,0,0,0,0,0,0,0
2014-02-05,0,0,0,0,0,0,0,0,0,0,0,0,0,0,0,0,0,0,0,0,0,0,0,0,0,0,0,0,0,0,0,0,0,0,0,0,0,0,0,0,0,0,0,0,0,0,0,0,0,0,0,0,0,0,0
2014-02-06,0,0,0,0,0,0,0,0,0,0,0,0,0,0,0,0,0,0,0,0,0,0,0,0,0,0,0,0,0,0,0,0,0,0,0,0,0,0,0,0,0,0,0,0,0,0,0,0,0,0,0,0,0,0,0
2014-02-07,0,0,0,0,0,0,0,0,0,0,0,0,0,0,0,0,0,0,0,0,0,0,1,0,0,0,0,0,0,0,0,0,0,0,0,0,0,0,0,0,0,0,0,0,0,0,0,0,0,0,0,0,0,0,0
2014-02-08,0,0,0,0,0,0,0,0,0,0,0,0,0,0,0,0,0,0,0,0,0,0,0,0,0,0,0,0,0,0,0,0,0,0,0,0,0,0,0,0,0,0,0,0,0,0,0,0,0,0,0,0,0,0,0
2014-02-09,0,0,0,0,0,0,0,0,0,0,0,0,0,0,0,0,0,0,0,0,0,0,1,0,0,0,0,0,0,0,0,0,0,0,0,0,0,0,0,0,0,0,0,0,0,0,0,0,0,0,0,0,0,0,0
2014-02-10,0,0,0,0,0,0,0,0,0,0,0,0,0,0,0,0,0,0,0,0,0,0,0,0,0,0,0,0,0,0,0,0,0,0,0,0,0,0,0,0,0,0,0,0,0,0,0,0,0,0,0,0,0,0,0
2014-02-11,0,0,0,0,0,0,0,0,0,0,0,0,0,0,0,0,0,0,0,0,0,0,1,0,0,0,0,0,0,0,0,0,0,0,0,0,0,0,0,0,0,0,0,0,0,0,0,0,0,0,0,0,0,0,0
2014-02-12,0,0,0,0,0,0,0,0,0,0,0,0,0,0,0,0,0,0,0,0,0,0,0,0,0,0,0,0,0,0,0,0,0,0,0,0,0,0,0,0,0,0,0,0,0,0,0,0,0,0,0,0,0,0,0
2014-02-13,0,0,0,0,0,0,0,0,0,0,0,0,0,0,0,0,0,0,0,0,0,0,0,0,0,0,0,0,0,0,0,0,0,0,0,0,0,0,0,0,0,0,0,0,0,0,0,0,0,0,0,0,0,0,0
2014-02-14,0,0,0,0,0,0,0,0,0,0,0,0,0,0,0,0,0,0,0,0,0,0,0,0,0,0,0,0,0,0,0,0,0,0,0,0,0,0,0,0,0,0,0,0,0,0,0,0,0,0,0,0,0,0,0
2014-02-15,0,0,0,0,0,0,0,0,0,0,0,0,0,0,0,0,0,0,0,0,0,0,0,0,0,0,0,0,0,0,0,0,0,0,0,0,0,0,0,0,0,0,0,0,0,0,0,0,0,0,0,0,0,1,0
2014-02-16,0,0,0,0,0,0,0,0,0,0,0,0,0,0,0,0,0,0,0,0,0,0,1,0,0,0,0,0,0,0,0,0,0,0,0,0,0,0,0,0,0,0,0,0,0,0,0,0,0,0,0,0,0,0,0
2014-02-17,0,0,0,0,0,0,0,0,0,0,0,0,0,0,0,0,0,0,0,0,0,0,0,0,0,0,0,0,0,0,0,0,0,0,0,1,0,0,0,0,0,0,0,0,0,0,0,0,0,0,0,0,0,0,0
2014-02-18,0,0,0,0,0,0,0,0,0,0,0,0,0,0,0,0,0,0,0,0,0,0,1,0,0,0,0,0,0,0,0,0,0,0,0,0,0,0,0,0,0,0,0,0,0,0,0,0,0,0,0,0,0,0,0
2014-02-19,0,0,0,0,0,0,0,0,0,0,0,0,0,0,0,0,0,0,0,0,0,0,0,0,0,0,0,0,0,0,0,0,0,0,0,1,0,0,0,0,0,0,0,0,0,0,0,0,0,0,0,0,0,0,0
2014-02-20,0,0,0,0,0,0,0,0,0,0,0,0,0,0,0,0,0,0,0,0,0,0,0,0,0,0,0,0,0,0,0,0,0,0,0,0,0,0,0,0,0,0,0,0,0,0,0,0,0,0,0,0,0,0,0
2014-02-21,0,0,0,0,0,0,0,0,0,0,0,0,0,0,0,0,0,0,0,0,0,0,2,0,0,0,0,0,0,0,0,0,0,0,0,0,0,0,0,0,0,0,0,0,0,0,0,0,0,0,0,0,0,0,0
2014-02-22,0,0,0,0,0,0,0,0,0,0,0,0,0,0,0,0,0,0,0,0,0,0,0,0,0,0,0,0,0,0,0,0,0,0,0,0,0,0,0,0,0,0,0,0,0,0,0,0,0,0,0,0,0,0,0
2014-02-23,0,0,0,0,0,0,0,0,0,0,0,0,0,0,0,0,0,0,0,0,0,0,1,0,0,0,0,0,0,0,0,0,0,1,0,0,0,0,0,0,0,0,0,0,0,0,0,0,0,0,0,0,0,0,0
2014-02-24,0,0,0,0,0,0,1,0,0,0,0,0,0,0,0,0,0,0,0,0,0,0,1,0,0,0,0,0,0,1,0,0,0,0,0,0,0,0,0,0,0,0,0,0,0,0,0,0,0,0,0,0,0,0,0
2014-02-25,0,0,0,0,0,0,0,0,0,0,0,0,0,0,0,0,0,0,0,0,0,0,1,0,0,0,0,0,0,0,0,0,0,0,0,1,0,0,0,0,0,0,0,0,0,0,0,0,0,0,0,0,0,0,0
2014-02-26,0,0,0,0,0,0,0,0,0,0,0,0,0,0,0,0,0,0,0,0,0,0,0,0,0,0,0,0,0,0,0,0,0,0,0,0,0,0,0,0,0,0,0,0,0,0,0,0,0,0,0,0,0,0,0
2014-02-27,0,0,0,0,0,0,0,0,0,0,0,0,0,0,0,0,0,0,0,0,0,0,2,0,0,0,0,0,0,0,0,0,0,0,0,0,0,0,0,0,0,0,0,0,0,0,0,0,0,0,0,0,0,0,0
2014-02-28,0,0,0,0,0,0,0,0,0,0,0,0,0,0,0,0,0,0,0,0,0,0,0,0,0,0,0,0,0,0,0,0,0,0,0,0,0,0,0,1,0,0,0,0,0,0,0,0,0,0,0,0,0,1,0
2014-03-01,0,0,0,0,0,0,0,0,0,0,0,0,0,0,0,0,0,0,0,0,0,0,7,0,0,0,0,0,0,1,0,0,0,0,0,2,0,0,0,0,0,0,1,0,0,0,0,0,0,0,0,0,0,1,0
2014-03-02,0,0,0,0,0,0,0,0,0,0,0,0,0,0,0,0,0,0,0,0,0,0,2,0,0,0,0,0,0,0,0,0,0,0,0,0,0,0,0,0,0,0,0,0,0,0,0,0,0,0,0,0,0,0,0
2014-03-03,0,0,0,0,0,1,0,0,0,0,0,0,0,0,0,0,0,0,0,0,0,0,2,0,0,0,0,0,0,0,0,0,0,0,0,0,0,0,0,0,0,0,0,0,0,0,0,0,0,0,0,0,0,2,0
2014-03-04,0,0,0,0,0,0,0,0,0,0,0,0,0,0,0,0,0,0,0,0,0,0,0,0,0,0,0,0,0,0,0,0,0,0,0,0,0,0,0,0,0,0,0,0,0,0,0,0,0,0,0,0,0,0,0
2014-03-05,0,0,0,0,0,0,0,0,1,0,0,0,0,0,0,0,0,0,0,0,0,0,0,0,0,0,0,0,0,0,0,0,0,0,0,0,0,0,0,0,0,0,0,0,0,0,0,0,0,0,0,0,0,0,0
2014-03-06,0,0,0,0,0,0,0,0,0,0,0,0,0,0,0,0,0,0,0,0,0,0,1,0,0,0,0,0,0,0,0,0,0,0,0,0,0,0,0,0,0,0,0,0,0,0,0,0,0,0,0,0,0,0,0
2014-03-07,0,0,0,0,0,0,0,0,0,0,0,0,0,0,0,0,0,0,0,0,0,0,1,0,0,0,0,0,0,0,0,0,0,0,0,3,0,0,0,0,0,0,0,0,0,0,0,0,0,0,0,0,0,0,0
2014-03-08,0,0,0,0,0,0,0,0,0,0,0,0,0,0,0,0,0,0,0,0,0,0,1,0,0,0,0,0,0,0,0,0,0,0,0,0,0,0,0,0,0,0,0,0,0,0,0,0,0,0,0,0,0,0,0
2014-03-09,0,0,0,0,0,0,0,0,0,0,0,0,0,0,0,0,0,0,0,0,0,0,0,0,0,0,0,0,0,1,0,0,0,0,0,0,0,0,0,0,0,0,0,0,0,0,0,0,0,0,0,0,0,0,0
2014-03-10,0,0,0,0,0,0,0,0,0,0,0,0,0,0,0,0,0,0,0,0,0,0,3,0,0,0,0,0,0,0,0,0,0,0,0,0,0,0,0,0,0,0,0,0,0,0,0,0,0,0,0,0,0,0,0
2014-03-11,0,0,0,0,0,0,0,0,0,0,0,0,0,0,0,0,0,0,0,0,0,0,2,0,0,0,0,0,0,1,0,0,0,1,0,0,0,0,0,0,0,0,0,0,0,0,0,0,0,0,0,0,0,0,0
2014-03-12,0,0,0,0,0,0,0,0,1,0,0,0,0,0,0,0,0,0,0,0,0,0,7,0,0,0,0,0,0,0,0,0,0,0,0,2,0,0,0,0,0,0,0,0,0,0,0,0,0,0,0,0,0,0,0
2014-03-13,0,0,0,0,0,0,0,0,1,0,0,0,0,0,0,0,0,0,0,0,0,0,1,0,0,0,0,0,0,1,0,0,1,1,0,0,0,0,0,0,0,0,0,0,0,0,0,0,0,0,0,0,0,0,0
2014-03-14,0,0,0,0,0,0,0,0,1,0,1,0,0,0,0,0,0,0,0,0,0,0,2,0,0,0,0,0,0,0,0,0,0,0,0,0,0,0,0,0,0,0,0,0,0,0,0,0,0,0,0,0,0,0,0
2014-03-15,0,0,0,0,0,0,0,0,0,0,0,0,0,0,0,0,0,0,0,0,0,0,4,0,0,0,0,0,0,0,0,0,0,0,0,0,0,0,0,0,0,0,0,0,0,0,0,0,0,0,0,0,0,0,0
2014-03-16,0,0,0,0,0,0,0,0,1,0,0,0,0,0,0,0,0,0,0,0,0,0,2,0,0,0,0,0,0,0,0,0,0,0,0,0,0,0,0,0,0,0,0,0,0,0,0,0,0,0,0,0,0,0,0
2014-03-17,0,0,0,0,0,0,0,0,0,0,0,0,0,0,0,0,0,0,0,0,0,0,1,0,0,0,0,0,0,0,0,0,0,0,0,0,0,1,0,0,0,0,0,0,0,0,0,0,0,0,0,0,0,0,0
2014-03-18,0,0,0,0,0,0,1,0,0,0,0,0,0,0,0,0,0,0,0,0,0,0,0,0,0,0,0,0,0,1,0,0,0,0,0,0,0,0,0,0,0,0,1,0,0,0,0,0,0,0,0,0,0,0,0
2014-03-19,0,0,0,0,0,0,0,0,0,0,0,0,0,0,0,0,0,0,0,0,0,0,3,0,0,0,0,0,0,0,0,0,0,0,0,0,0,0,0,0,0,0,0,0,0,0,0,0,0,0,0,0,0,0,0
2014-03-20,0,0,0,0,0,0,0,0,2,0,1,0,0,0,0,0,0,0,0,0,0,0,1,0,0,0,0,0,0,0,0,0,0,0,0,1,0,0,0,0,0,0,0,0,0,0,0,0,0,0,0,0,0,1,0
2014-03-21,0,0,0,0,0,0,0,0,1,0,1,0,0,0,0,0,0,0,0,0,0,0,2,0,0,0,0,0,0,0,0,0,0,0,0,0,0,0,0,0,0,0,0,0,0,0,0,0,0,0,0,0,0,0,0
2014-03-22,0,0,0,0,0,0,0,0,1,0,0,0,0,0,0,0,0,0,0,0,0,0,3,0,0,0,0,0,0,0,0,0,0,0,0,2,0,0,0,0,0,0,0,0,0,0,0,0,0,0,0,0,0,0,0
2014-03-23,0,0,0,0,0,0,0,0,1,0,0,0,1,0,0,0,0,0,0,0,0,0,2,0,0,0,0,0,0,0,0,0,0,0,0,0,0,1,0,0,0,0,0,0,0,0,0,0,0,0,0,0,0,0,0
2014-03-24,0,0,0,0,0,0,0,0,4,0,0,0,0,0,0,0,0,0,0,0,0,0,1,0,0,0,0,0,0,0,0,0,0,0,0,1,0,0,0,0,0,0,0,0,0,0,0,0,0,0,0,0,0,0,0
2014-03-25,0,0,0,0,0,0,1,0,4,0,0,0,0,0,0,0,0,0,0,0,0,0,1,0,0,0,0,0,0,0,0,0,0,0,0,1,0,0,0,0,0,0,0,0,0,0,0,0,0,0,0,0,0,0,0
2014-03-26,0,0,0,0,0,0,0,0,3,0,0,0,0,0,0,0,0,0,0,0,0,0,0,0,0,0,0,0,0,0,0,0,0,0,0,0,0,0,0,0,0,0,0,0,0,0,0,0,0,0,0,0,0,1,0
2014-03-27,0,0,0,0,0,0,0,0,0,0,0,0,0,0,0,0,0,0,0,0,0,0,3,0,0,0,0,0,0,0,0,0,0,0,0,0,0,0,0,0,0,0,0,0,0,0,0,0,0,0,0,0,0,0,0
2014-03-28,0,0,0,0,0,0,0,0,1,0,0,0,0,0,0,0,0,0,0,0,0,0,0,0,0,0,0,0,0,0,0,0,0,2,0,1,0,0,0,0,0,0,1,0,0,0,0,0,0,0,0,0,0,0,0
2014-03-29,0,0,0,0,0,0,1,0,1,0,1,0,0,0,0,0,0,0,0,0,0,0,1,0,0,0,0,0,0,1,0,0,0,0,0,1,0,0,0,0,0,0,0,0,0,0,0,0,0,0,0,0,0,0,0
2014-03-30,0,0,0,0,0,0,0,0,1,0,0,0,0,0,0,0,0,0,0,0,0,0,6,0,0,0,0,0,0,0,0,0,0,1,0,1,0,0,0,0,0,0,2,0,0,0,0,0,0,0,0,0,0,0,0
2014-03-31,0,0,0,0,0,0,0,0,0,0,0,0,0,0,0,0,0,0,0,0,0,0,0,0,0,0,0,0,0,0,0,0,0,1,0,0,0,0,0,0,0,0,0,0,0,0,0,0,0,0,0,0,0,0,0
2014-04-01,0,0,0,0,0,0,0,0,1,0,0,0,0,0,0,0,0,0,0,0,0,0,2,0,0,0,0,0,0,0,0,0,0,2,0,0,0,0,0,0,0,0,0,0,0,0,0,0,0,0,0,0,0,0,0
2014-04-02,0,0,0,0,0,0,0,0,0,0,0,0,0,0,0,0,0,0,0,0,0,0,1,0,0,0,0,0,0,0,0,0,0,0,0,0,0,0,0,0,0,0,1,0,0,0,0,0,0,0,0,0,0,0,0
2014-04-03,0,0,0,0,0,0,0,0,2,0,0,0,0,0,0,0,0,0,0,0,0,0,1,0,0,0,0,0,0,0,0,0,0,0,0,0,0,0,0,0,0,0,0,0,0,0,0,0,0,0,0,0,0,0,0
2014-04-04,0,0,0,0,0,0,0,0,0,0,0,0,0,0,0,0,0,0,0,0,0,0,0,0,0,0,0,0,0,0,0,0,0,0,0,0,0,0,0,0,0,0,0,0,0,1,0,0,0,0,0,0,0,1,0
2014-04-05,0,0,0,0,0,0,0,0,1,0,0,0,0,0,0,0,0,0,0,0,0,0,0,0,0,0,0,0,0,0,0,0,0,0,0,0,0,0,0,1,0,0,0,0,0,0,0,0,0,0,0,0,0,0,0
2014-04-06,0,0,0,0,0,0,1,0,0,0,0,0,0,0,0,0,0,0,0,0,0,0,6,0,0,0,0,0,0,0,0,0,0,0,0,0,0,1,0,0,0,0,0,0,0,0,0,0,0,0,0,0,0,1,0
2014-04-07,0,0,0,0,0,0,0,0,2,0,0,0,0,0,0,0,0,0,0,0,0,0,2,0,0,0,0,0,0,0,0,0,0,0,0,0,0,0,0,0,0,0,0,0,0,0,0,0,0,0,0,0,0,0,0
2014-04-08,0,0,0,0,0,0,0,0,3,0,0,0,0,0,0,0,0,0,0,0,0,0,6,0,0,0,0,0,0,0,0,0,0,0,0,0,0,0,0,0,0,0,0,0,0,0,0,0,0,0,0,0,0,0,0
2014-04-09,0,0,0,0,0,0,0,0,3,0,0,0,0,0,0,0,0,0,0,0,0,0,4,0,0,0,0,0,0,0,0,0,0,0,0,0,0,0,0,0,0,0,1,0,0,0,0,0,0,0,0,0,0,1,0
2014-04-10,0,0,0,0,0,0,1,0,4,0,0,0,0,0,0,0,0,0,0,0,0,0,1,0,0,0,0,0,0,0,0,0,0,0,0,0,0,0,0,0,0,0,0,0,0,0,0,0,0,0,0,0,0,1,0
2014-04-11,0,0,0,0,0,0,0,0,1,0,0,0,0,0,0,0,0,0,0,0,0,0,1,0,0,0,0,0,0,0,0,0,0,0,0,0,0,0,0,0,0,0,0,0,0,0,0,0,0,0,0,0,0,0,0
2014-04-12,0,0,0,0,0,0,0,0,0,0,0,0,0,0,0,0,0,0,0,0,0,0,2,0,0,0,0,0,0,0,0,0,0,0,0,0,0,0,0,0,0,0,0,0,0,0,0,0,0,0,0,0,0,1,0
2014-04-13,0,0,0,0,0,0,0,0,0,0,0,0,0,0,0,0,0,0,0,0,0,0,2,0,0,0,0,0,0,0,0,0,0,0,0,0,0,0,0,0,0,0,0,0,0,0,0,0,0,0,0,0,0,0,0
2014-04-14,0,0,0,0,0,0,0,0,1,0,0,0,0,0,0,0,0,0,0,0,0,0,2,0,0,0,0,0,0,0,0,0,0,0,0,0,0,0,0,0,0,0,0,0,0,0,0,0,0,0,0,0,0,0,0
2014-04-15,0,0,0,0,0,0,0,0,0,0,0,0,0,0,0,0,0,0,0,0,0,0,2,0,0,0,0,0,0,0,0,0,0,0,0,0,0,0,0,0,0,0,0,0,0,0,0,0,0,0,0,0,0,0,0
2014-04-16,0,0,0,0,0,0,0,0,0,0,0,0,0,0,0,0,0,0,0,0,0,0,0,0,0,0,0,0,0,0,0,0,0,0,0,0,0,0,0,0,0,0,0,0,0,0,0,0,0,0,0,0,0,0,0
2014-04-17,0,0,0,0,0,0,0,0,0,0,0,0,0,0,0,0,0,0,0,0,0,0,2,0,0,0,0,0,0,0,0,0,0,0,0,0,0,0,0,0,0,0,0,0,0,0,0,0,0,0,0,0,0,0,0
2014-04-18,0,0,0,0,0,0,0,0,0,0,0,0,0,0,0,0,0,0,0,0,0,0,4,0,0,0,0,0,0,0,0,0,0,0,0,0,0,0,0,0,0,0,0,0,0,0,0,0,0,0,0,0,0,0,0
2014-04-19,0,0,0,0,0,0,0,0,0,0,0,0,0,0,0,0,0,0,0,0,0,0,1,0,0,0,0,0,0,0,0,0,0,0,0,0,0,0,0,0,0,0,0,0,0,0,0,0,0,0,0,0,0,0,0
2014-04-20,0,0,0,0,0,0,0,0,0,0,0,0,0,0,0,0,0,0,0,0,0,0,0,0,0,0,0,0,0,0,0,0,0,0,0,0,0,0,0,0,0,0,0,0,0,0,0,0,0,0,0,0,0,0,0
2014-04-21,0,0,0,0,0,0,0,0,0,0,0,0,0,0,0,0,0,0,0,0,0,0,1,0,0,0,0,0,0,0,0,0,0,0,0,0,0,0,0,0,0,0,0,0,0,0,0,0,0,0,0,0,0,0,0
2014-04-22,0,0,0,0,0,0,0,0,1,0,0,0,0,0,0,0,0,0,0,0,0,0,1,0,0,0,0,0,0,0,0,1,0,0,0,0,0,0,0,0,0,0,0,0,0,0,0,0,0,0,0,0,0,0,0
2014-04-23,0,0,0,0,0,0,0,0,1,0,0,0,0,0,0,0,0,0,0,0,1,0,1,0,0,0,0,0,0,0,0,0,0,0,0,0,0,0,0,0,0,0,0,0,0,0,0,0,0,0,0,0,0,0,0
2014-04-24,0,0,0,0,0,0,0,0,0,0,0,0,0,0,0,0,0,0,0,0,0,0,0,0,0,0,0,0,0,0,0,0,0,0,0,0,0,0,0,0,0,0,0,0,0,0,0,0,0,0,1,0,0,0,0
2014-04-25,0,0,0,0,0,0,0,0,0,0,0,0,0,0,0,0,0,0,0,0,0,0,0,0,0,0,0,0,0,0,0,0,0,0,0,0,0,0,0,0,0,0,0,0,0,0,0,0,0,0,0,0,0,0,0
2014-04-26,0,0,0,0,0,0,0,0,0,0,0,0,0,0,0,0,0,0,0,0,0,0,3,0,0,0,0,0,0,0,0,0,0,0,0,0,0,0,0,0,0,0,0,0,0,0,0,0,0,0,0,0,0,0,0
2014-04-27,0,0,0,0,0,0,0,0,0,0,0,0,0,0,0,0,0,0,0,0,0,0,1,0,0,0,0,0,0,0,0,0,0,0,0,0,0,0,0,0,0,0,0,0,0,0,0,0,0,0,0,0,0,0,0
2014-04-28,0,0,0,0,0,0,0,0,0,0,0,0,0,0,0,0,0,0,0,0,0,0,0,0,0,0,0,0,0,0,0,0,0,0,0,0,0,0,0,0,0,0,0,0,0,0,0,0,0,0,0,0,0,0,0
2014-04-29,0,0,0,0,0,0,0,0,0,0,0,0,0,0,0,0,0,0,0,0,0,0,0,0,0,0,0,0,0,0,0,0,0,0,0,0,0,0,0,0,0,0,0,0,0,0,0,0,0,0,0,0,0,0,0
2014-04-30,0,0,0,0,0,0,0,0,0,0,0,0,0,0,0,0,0,0,0,0,0,0,0,0,0,0,0,0,0,0,0,1,0,0,0,0,0,0,0,0,0,0,0,0,0,0,0,0,0,0,0,0,0,0,0
2014-05-01,0,0,0,0,0,0,0,0,0,0,0,0,0,0,0,0,0,0,0,0,0,0,0,0,0,0,0,0,0,0,0,0,0,0,0,1,0,0,0,0,0,0,0,0,0,0,0,0,0,0,0,0,0,1,0
2014-05-02,0,0,1,0,0,0,0,0,0,0,0,0,0,0,0,0,0,0,0,0,0,0,2,0,0,0,0,0,0,0,0,0,0,0,0,0,0,0,0,0,0,0,0,0,0,0,0,0,0,0,1,0,0,0,0
2014-05-03,0,0,1,0,0,0,0,0,0,0,0,0,0,0,0,0,0,0,0,0,0,0,2,0,0,0,0,0,0,0,0,0,0,0,0,0,0,0,0,0,0,0,0,0,0,0,0,0,0,0,0,0,0,0,0
2014-05-04,0,0,0,0,0,0,0,0,0,0,0,0,0,0,0,0,0,0,0,0,0,0,1,0,0,0,0,0,0,0,0,0,0,0,0,0,0,0,0,0,0,0,0,0,0,0,0,0,0,0,0,0,0,0,0
2014-05-05,0,0,0,0,0,0,0,0,0,0,0,0,0,0,0,0,0,0,0,0,0,0,4,0,0,0,0,0,0,0,0,0,0,0,0,0,0,0,0,0,0,0,0,0,0,0,0,0,0,0,0,0,0,0,0
2014-05-06,0,0,0,0,0,0,0,0,0,0,0,0,0,0,0,0,0,0,0,0,0,0,0,0,0,0,0,0,0,0,0,0,0,0,0,0,0,0,0,0,1,0,0,0,0,0,0,0,0,0,2,0,0,1,0
2014-05-07,0,0,0,0,0,0,0,0,0,0,0,0,0,0,0,0,0,0,0,0,0,0,2,0,0,0,0,0,0,0,0,0,0,1,0,0,0,0,0,0,0,0,0,0,0,0,0,0,0,0,0,0,0,0,0
2014-05-08,0,0,0,0,0,0,0,0,0,0,0,0,0,0,0,0,0,0,0,0,0,0,4,0,0,0,0,0,0,0,1,0,0,0,0,0,0,0,0,0,0,0,0,0,0,0,0,0,0,0,0,0,0,0,0
2014-05-09,0,0,0,0,0,0,0,0,0,0,0,0,0,0,0,0,0,0,0,0,0,0,1,0,0,0,0,0,0,0,0,0,0,0,0,0,0,0,0,0,0,0,0,0,0,0,0,0,0,0,0,0,0,0,0
2014-05-10,0,0,0,0,0,0,0,0,1,0,0,0,0,0,0,0,0,0,0,0,0,0,1,0,0,0,0,0,0,0,0,0,0,0,0,0,0,0,0,1,0,0,0,0,0,0,0,0,0,0,0,0,0,1,0
2014-05-11,0,0,0,0,0,0,0,0,0,0,0,0,0,0,0,0,0,0,0,0,0,0,1,0,0,0,1,0,0,0,0,0,0,0,0,1,0,0,0,0,0,0,0,0,0,0,0,0,0,0,0,0,0,0,0
2014-05-12,0,0,0,0,0,0,0,0,0,0,0,0,0,0,0,0,0,0,0,0,0,0,1,0,0,0,0,0,0,0,0,0,0,0,0,0,0,0,0,0,0,0,0,0,0,0,0,0,0,0,0,0,0,0,0
2014-05-13,0,0,0,0,0,0,0,0,0,0,0,0,0,0,0,0,0,0,0,0,0,0,0,0,0,0,1,0,0,0,0,0,0,0,0,0,0,0,0,0,0,0,0,0,0,0,0,0,0,0,0,0,0,1,0
2014-05-14,0,0,0,0,0,0,0,0,0,0,0,0,0,0,0,0,0,0,0,0,0,0,1,0,0,0,0,0,0,0,0,0,0,0,0,1,0,0,0,1,0,0,0,0,0,0,0,0,0,0,1,0,0,0,0
2014-05-15,0,0,0,0,0,0,0,0,1,0,0,0,0,0,0,0,0,0,0,0,0,0,3,1,0,0,0,0,0,0,0,0,0,0,0,2,0,0,0,2,0,0,0,0,0,0,0,0,0,0,0,0,0,0,0
2014-05-16,0,0,0,0,0,0,0,0,0,0,0,0,0,0,0,0,0,0,0,0,0,0,1,0,0,0,0,0,0,0,0,0,1,0,0,1,0,0,0,1,0,0,0,0,0,0,0,0,0,0,0,0,0,0,0
2014-05-17,0,0,0,0,0,0,0,0,0,0,0,0,0,0,0,0,0,0,0,0,0,0,0,0,0,0,0,0,0,0,1,0,0,0,0,1,0,0,0,0,0,0,0,0,0,0,0,0,0,0,0,0,0,0,0
2014-05-18,0,0,1,0,0,0,0,0,1,0,0,0,0,0,0,0,0,0,0,0,0,0,3,0,0,0,0,0,0,0,0,0,0,0,0,1,0,0,0,0,0,0,0,0,0,0,0,0,0,0,0,0,0,0,0
2014-05-19,0,0,2,0,0,0,0,0,0,0,0,0,0,0,0,0,0,0,0,0,0,0,2,0,0,0,0,0,0,0,0,0,0,0,0,2,0,0,0,0,0,0,0,0,0,0,0,0,0,0,0,0,0,0,0
2014-05-20,0,0,1,0,0,0,0,0,0,0,0,0,0,0,0,0,0,0,0,0,0,0,4,1,0,0,0,0,0,0,0,0,0,1,0,0,0,0,0,0,0,0,0,0,0,0,0,0,0,0,0,0,0,0,0
2014-05-21,0,0,1,0,0,0,0,0,0,0,0,0,0,0,0,0,0,0,0,0,0,0,1,0,0,0,0,0,0,0,0,0,0,0,0,1,0,0,0,0,0,0,0,0,0,0,0,0,0,0,1,0,0,1,0
2014-05-22,0,0,2,0,0,0,0,0,0,0,0,0,0,0,0,0,0,0,0,0,0,0,1,2,0,0,0,0,0,0,0,0,0,0,0,0,0,0,0,1,0,0,0,0,0,0,0,0,0,0,1,0,0,0,0
2014-05-23,0,0,0,0,0,0,0,0,3,0,0,0,0,0,0,0,0,0,0,0,0,0,2,0,0,0,0,0,0,0,0,0,0,0,0,0,0,0,0,0,0,0,0,0,0,0,0,0,0,0,3,0,0,0,0
2014-05-24,0,0,0,0,0,0,0,0,1,0,0,0,0,0,0,0,0,0,0,0,0,0,0,3,0,0,0,0,0,0,0,0,0,0,0,0,0,0,0,1,0,0,0,0,0,0,0,0,0,0,0,0,0,0,0
2014-05-25,0,0,0,0,0,0,0,0,0,0,0,0,0,0,0,0,0,0,0,0,0,0,4,4,0,0,0,0,0,0,0,0,0,1,0,3,0,0,0,1,0,0,0,0,0,0,0,0,0,0,4,0,0,0,0
2014-05-26,0,0,1,0,0,0,0,0,0,0,0,0,0,0,0,0,0,0,0,0,0,0,1,6,0,0,0,0,0,0,0,0,0,0,0,2,0,0,0,0,0,0,0,0,0,0,0,0,0,0,1,0,0,1,0
2014-05-27,0,0,0,0,0,0,0,0,4,0,0,0,0,0,0,0,0,0,0,0,0,0,0,0,0,0,0,0,0,0,0,0,0,0,0,0,0,0,0,0,0,0,0,0,0,0,0,0,0,0,3,0,0,0,0
2014-05-28,0,0,1,0,0,0,0,0,1,0,0,0,0,0,0,0,0,0,0,0,0,0,0,1,0,0,0,0,0,0,0,0,0,0,0,0,0,0,0,1,0,0,0,0,0,0,0,0,0,0,5,0,0,0,0
2014-05-29,0,0,0,0,0,0,0,0,0,0,0,0,0,0,0,0,0,0,0,0,0,0,0,0,1,0,0,0,0,0,0,0,0,0,0,1,0,0,0,1,0,0,0,0,0,0,0,0,0,0,1,0,0,0,0
2014-05-30,0,0,0,0,0,0,0,0,1,0,0,0,0,0,0,0,0,0,0,0,0,0,0,5,0,0,0,0,0,0,0,1,0,0,0,0,0,0,0,0,0,0,0,0,0,0,0,0,0,0,0,0,0,0,0
2014-05-31,0,0,1,0,0,0,0,0,1,0,0,0,0,0,0,0,0,0,0,0,0,0,0,5,0,0,0,0,0,0,0,0,0,0,0,0,0,0,0,0,0,0,0,0,0,0,0,0,0,0,0,0,0,0,0
2014-06-01,0,0,0,0,0,0,0,0,1,0,0,0,0,1,0,0,0,0,0,0,0,0,1,6,0,0,1,0,0,0,0,0,0,0,0,0,0,0,0,0,0,0,0,0,1,0,0,0,0,0,0,0,0,1,0
2014-06-02,0,0,0,0,0,0,0,0,1,0,0,0,0,0,0,0,0,0,0,0,0,0,2,11,0,0,1,0,0,0,0,0,0,1,0,1,0,0,0,0,0,0,0,0,0,0,0,0,0,0,1,0,0,0,0
2014-06-03,0,0,1,0,0,0,0,0,0,0,0,0,0,0,0,0,0,0,0,0,0,0,6,4,0,0,0,0,0,0,0,0,1,0,0,0,0,0,0,0,0,0,0,0,1,0,0,0,0,0,0,0,0,0,0
2014-06-04,0,0,3,0,0,0,0,0,0,0,0,0,0,0,0,0,0,0,0,0,0,0,1,8,0,0,0,0,0,0,0,0,0,1,0,0,0,0,0,0,0,0,0,0,0,0,0,0,0,0,0,0,0,0,0
2014-06-05,0,0,1,0,0,0,0,0,0,0,0,0,0,0,0,0,0,0,0,0,0,0,6,3,0,0,1,0,0,0,0,0,0,2,0,0,0,0,0,0,0,0,0,0,0,0,0,0,0,0,0,0,0,2,0
2014-06-06,0,0,0,0,1,0,0,0,0,0,0,0,0,0,0,0,0,0,0,0,0,0,2,4,0,0,0,0,0,0,0,0,0,2,0,0,0,0,0,1,0,0,0,0,1,0,0,0,0,0,0,0,0,0,0
2014-06-07,0,0,0,0,0,0,0,0,0,0,0,0,0,0,0,0,0,0,0,0,0,0,2,0,0,0,0,0,0,0,0,0,0,2,0,0,0,0,0,0,0,0,0,0,0,0,0,0,0,0,0,0,0,0,0
2014-06-08,0,0,0,0,0,0,0,0,0,0,0,0,0,0,0,0,0,0,0,0,0,0,2,5,0,0,1,0,0,0,0,0,0,7,0,0,0,0,0,0,0,0,0,0,0,0,0,0,0,0,1,0,0,0,0
2014-06-09,0,0,2,0,0,0,0,0,2,0,0,0,0,0,0,0,0,0,0,0,0,0,6,4,0,0,0,0,0,0,0,0,0,5,0,0,0,0,0,1,0,0,0,0,0,0,0,0,0,0,0,0,0,0,0
2014-06-10,0,0,0,0,0,0,0,0,0,0,0,0,0,0,0,0,0,0,0,0,0,0,3,11,0,0,1,0,0,0,0,0,0,1,0,0,0,0,0,4,0,0,0,0,0,0,0,0,0,0,0,0,0,1,0
2014-06-11,0,0,0,0,0,0,0,0,0,0,0,0,0,0,0,0,0,0,0,0,0,0,3,10,0,0,1,0,0,0,0,0,0,4,0,0,0,0,0,0,0,0,0,0,0,0,0,0,0,0,0,0,0,0,0
2014-06-12,0,0,0,0,0,0,0,0,0,0,0,0,0,0,0,0,0,0,0,0,0,0,0,13,0,0,2,0,0,0,0,0,0,0,0,0,0,0,0,1,0,0,0,0,0,0,0,0,0,1,0,0,0,0,0
2014-06-13,0,0,1,0,0,0,0,0,0,0,0,0,0,0,0,0,0,0,0,0,0,0,0,7,0,0,2,0,0,0,0,0,0,4,0,0,0,0,0,0,0,0,0,0,0,0,0,0,0,0,0,0,0,0,0
2014-06-14,0,0,1,0,0,0,0,0,0,0,0,0,0,0,0,0,0,0,0,0,0,0,3,27,0,0,3,0,0,0,0,0,0,2,0,0,0,0,0,2,0,0,0,0,0,0,0,0,0,0,0,0,0,1,0
2014-06-15,0,0,0,0,0,0,0,0,0,0,0,0,0,0,0,0,0,0,0,0,0,0,2,1,0,0,2,0,0,0,0,0,0,7,0,0,0,0,0,2,0,0,0,0,0,0,0,0,0,0,0,0,0,0,0
2014-06-16,0,0,0,0,0,0,0,0,0,0,0,0,0,0,0,0,0,0,0,0,0,0,7,3,0,0,2,0,0,0,0,0,0,3,0,0,0,0,0,1,0,0,0,0,1,0,0,0,0,0,0,0,0,0,0
2014-06-17,0,0,1,0,0,0,0,0,0,0,0,0,0,0,0,0,0,0,0,0,0,0,3,19,0,0,1,0,0,0,0,0,0,3,0,0,0,0,0,1,0,0,0,0,0,0,0,0,0,0,0,0,0,0,0
2014-06-18,0,0,1,0,0,0,0,0,1,0,0,0,0,0,0,0,0,0,0,0,0,0,4,7,0,0,3,0,0,0,0,0,0,6,0,0,0,0,0,1,0,0,0,0,0,0,0,0,0,0,0,0,0,0,0
2014-06-19,0,0,0,0,0,1,0,0,1,0,0,0,0,0,0,0,0,0,0,0,0,0,10,4,0,0,4,0,0,0,0,0,0,4,0,0,0,0,0,2,0,0,0,0,0,0,0,0,0,0,0,0,0,1,0
2014-06-20,0,1,0,0,0,0,0,0,0,0,0,0,0,0,0,0,0,0,0,0,0,0,4,11,0,0,3,0,0,0,0,0,0,4,0,0,0,0,0,4,0,0,0,0,0,0,0,0,0,0,0,0,0,1,0
2014-06-21,0,0,1,0,0,0,0,0,3,0,0,0,0,0,0,0,0,0,0,0,0,0,0,2,0,0,1,0,0,0,0,0,0,3,0,0,0,1,0,2,0,0,0,0,0,0,0,0,0,0,0,0,0,2,0
2014-06-22,0,0,1,0,0,0,0,0,0,0,0,0,0,0,0,0,0,0,0,1,0,0,0,2,0,0,3,0,0,0,0,0,0,1,0,0,0,0,0,2,0,0,0,0,0,0,0,0,0,0,0,0,0,0,0
2014-06-23,0,0,0,0,0,0,0,0,0,0,0,0,0,0,0,0,0,0,0,0,0,0,2,5,0,0,0,0,0,0,0,0,0,3,0,0,0,0,0,1,0,0,0,0,0,0,0,0,0,0,0,0,0,1,0
2014-06-24,0,0,0,0,0,0,0,0,0,0,0,0,0,0,0,0,0,0,0,0,0,0,2,4,0,0,2,0,0,0,0,0,0,3,0,0,0,1,0,2,0,0,0,0,0,0,0,0,0,0,0,0,0,0,0
2014-06-25,0,0,1,0,0,0,0,0,0,0,0,0,0,0,0,0,0,0,0,0,0,0,1,10,0,0,3,0,0,0,0,0,0,6,0,0,0,0,0,2,0,0,0,0,0,0,0,0,0,0,0,0,0,0,0
2014-06-26,0,0,0,0,0,0,0,0,0,0,0,0,0,0,0,0,0,0,0,0,0,0,1,7,0,0,5,0,0,0,0,0,0,1,0,0,0,0,0,0,0,0,0,0,0,0,0,0,0,0,0,0,0,0,0
2014-06-27,0,0,0,0,1,0,0,0,0,0,0,0,0,0,0,0,0,0,0,0,0,0,1,6,0,0,7,0,0,0,0,0,0,1,0,0,0,0,0,1,0,0,0,0,0,0,0,0,0,0,0,0,0,0,0
2014-06-28,0,0,0,0,0,0,0,0,0,0,0,0,0,0,0,0,0,0,0,0,0,0,0,11,0,0,4,0,0,0,0,0,0,4,0,0,0,0,0,3,0,0,0,0,0,0,0,0,0,0,0,0,0,0,0
2014-06-29,0,0,0,0,0,0,0,0,0,0,0,0,0,0,0,0,0,0,0,0,0,0,0,5,0,0,5,0,0,0,0,0,0,2,0,0,0,0,0,1,0,0,1,0,0,0,0,0,0,0,0,0,0,0,0
2014-06-30,0,0,0,0,0,0,0,0,0,0,0,0,0,0,0,0,0,0,0,0,0,0,0,12,0,0,6,0,0,0,0,0,0,5,0,0,0,1,0,3,0,0,0,0,0,0,0,0,0,0,0,0,0,0,0
2014-07-01,0,0,0,0,0,0,1,0,0,0,0,0,0,0,0,0,0,0,0,0,0,0,2,18,0,0,3,0,0,0,0,0,0,3,0,0,0,0,0,5,0,0,1,0,0,0,0,0,0,0,0,0,0,2,0
2014-07-02,0,1,0,0,0,0,0,0,0,0,0,0,0,0,0,0,0,0,1,0,0,0,4,7,0,0,7,0,0,0,0,0,0,0,0,0,0,0,0,5,0,0,0,0,1,0,0,0,0,0,0,0,0,1,0
2014-07-03,0,0,0,0,0,0,0,0,0,0,0,0,0,0,0,0,0,0,0,0,0,0,2,4,0,0,3,0,0,0,0,0,0,0,0,0,0,0,0,1,0,0,0,0,0,0,0,0,0,0,0,0,0,0,0
2014-07-04,0,2,0,0,0,0,0,0,0,0,0,0,0,0,0,0,0,0,0,0,0,0,2,7,0,0,2,0,0,0,0,0,0,5,0,0,0,0,0,2,0,0,1,0,0,0,0,0,0,0,0,0,0,0,0
2014-07-05,0,1,0,0,0,0,1,0,0,0,0,0,0,0,0,0,0,0,0,0,0,0,2,10,0,0,4,0,0,0,0,0,0,2,0,0,0,0,0,2,0,0,0,0,0,0,0,0,0,0,0,0,0,0,0
2014-07-06,0,0,0,0,0,0,0,0,0,0,0,0,0,0,0,0,0,0,0,0,0,0,2,9,0,0,2,0,0,0,0,0,0,9,0,0,0,0,0,0,0,0,0,0,1,0,0,0,0,0,0,0,0,1,0
2014-07-07,0,1,0,0,0,0,0,0,0,0,0,0,0,0,0,0,0,0,1,0,0,0,3,11,0,0,3,0,0,0,0,1,0,6,0,0,0,0,0,6,0,0,1,0,0,0,0,0,0,0,0,0,0,3,0
2014-07-08,0,1,0,0,1,1,1,0,1,0,0,0,0,0,0,0,0,0,0,0,0,0,0,11,0,0,1,0,0,0,0,0,0,6,0,0,0,0,0,1,0,0,0,0,0,0,2,0,0,0,0,0,0,3,0
2014-07-09,0,0,0,0,0,0,0,0,0,0,0,0,0,0,0,0,0,0,0,0,0,0,2,8,0,0,2,0,0,0,0,0,0,4,0,0,0,0,0,5,0,0,0,0,0,0,0,0,0,0,0,0,0,0,0
2014-07-10,0,1,0,0,0,2,0,0,0,0,0,0,0,0,0,0,0,0,0,0,0,0,1,9,0,0,8,0,0,0,0,0,0,5,0,0,0,0,0,11,0,0,1,0,0,0,0,0,1,0,0,0,0,2,0
2014-07-11,0,0,0,0,0,0,3,0,0,0,0,0,0,0,0,0,0,0,0,0,0,0,0,13,0,0,1,0,0,0,0,0,0,3,0,0,0,0,0,5,0,0,0,0,0,0,0,0,0,0,0,0,0,0,0
2014-07-12,0,0,0,0,0,2,3,0,1,0,0,0,0,0,0,0,0,0,0,0,0,0,0,8,0,0,4,0,0,0,0,0,0,0,0,0,0,0,0,3,0,1,0,0,0,0,0,0,0,0,0,0,0,1,0
2014-07-13,0,0,0,0,0,0,0,0,0,0,0,0,0,0,0,0,0,0,1,0,0,0,1,4,0,0,6,0,0,0,0,0,0,6,0,0,0,0,0,4,0,0,0,0,0,0,1,0,0,0,0,0,0,1,0
2014-07-14,0,1,0,0,0,0,1,0,0,0,0,0,0,0,0,0,0,0,0,0,0,0,0,7,0,0,6,0,0,0,0,0,0,2,0,0,0,6,0,2,0,0,0,0,0,0,0,0,0,0,0,0,0,0,0
2014-07-15,0,1,0,0,0,1,0,0,0,0,0,0,0,0,0,0,0,0,0,0,0,0,2,12,0,0,2,0,0,0,0,1,0,1,0,0,0,6,0,8,0,0,0,1,0,0,0,0,0,0,0,1,0,0,0
2014-07-16,0,0,0,0,0,3,0,0,1,0,0,0,0,0,0,0,0,0,1,2,0,0,0,7,0,0,6,0,0,0,0,0,0,2,0,0,0,0,0,8,0,0,0,0,1,0,0,0,0,0,0,0,0,0,0
2014-07-17,0,2,0,0,1,2,1,1,3,0,0,0,0,0,0,0,0,0,1,0,0,0,2,5,0,0,2,0,0,0,0,0,0,0,0,0,0,0,0,6,0,0,0,0,0,0,0,0,0,0,0,0,0,2,0
2014-07-18,0,1,0,0,0,0,1,0,5,1,0,0,0,0,0,0,0,0,0,0,0,0,4,8,0,0,3,0,0,0,0,0,0,4,0,0,0,1,0,5,1,0,0,0,0,0,0,0,0,0,0,0,0,1,0
2014-07-19,0,0,0,0,2,4,2,0,1,0,0,0,0,0,0,0,0,0,0,0,0,0,1,4,0,0,8,0,0,0,0,0,0,7,0,0,0,2,0,7,0,0,1,0,0,0,0,0,0,0,0,0,0,0,0
2014-07-20,0,2,0,0,0,0,1,0,1,0,0,0,0,0,0,0,0,0,0,0,0,0,0,7,0,0,5,0,0,0,0,0,0,12,0,0,0,0,0,2,0,0,1,1,1,0,0,0,0,0,0,0,0,2,0
2014-07-21,0,2,0,0,1,3,1,0,2,0,0,0,0,0,0,0,0,0,0,0,0,0,2,8,0,0,7,0,0,0,0,0,0,0,0,0,0,0,0,5,0,0,0,0,0,0,0,0,1,0,0,1,0,2,0
2014-07-22,0,0,0,0,0,6,1,0,0,0,0,0,0,0,0,0,0,0,0,0,0,0,0,8,0,0,7,0,0,0,0,0,0,10,0,0,0,2,0,12,0,0,0,0,2,0,0,0,2,0,0,1,0,0,0
2014-07-23,0,1,0,0,0,4,0,0,2,0,0,0,0,0,0,0,0,0,0,0,0,0,0,4,0,0,6,0,0,0,0,1,1,3,0,3,0,2,0,4,0,0,1,0,0,0,0,0,1,0,0,0,0,0,0
2014-07-24,0,1,0,0,0,2,0,0,1,0,0,0,0,0,0,0,0,0,0,0,0,0,0,3,0,0,4,0,0,0,0,0,0,3,0,1,0,2,0,5,0,0,2,0,1,0,0,0,0,0,0,0,0,0,0
2014-07-25,0,1,0,0,0,1,2,0,0,0,0,0,0,0,0,0,0,0,1,0,0,0,2,4,0,0,6,0,0,0,0,0,0,17,0,0,0,0,0,9,0,0,0,0,4,0,1,0,0,0,0,0,0,1,0
2014-07-26,0,1,0,0,0,0,0,0,0,0,0,0,0,0,0,0,0,0,0,0,0,0,0,6,0,0,3,0,0,0,0,0,0,3,0,0,0,0,0,9,0,0,3,0,1,0,2,1,0,0,0,0,0,1,0
2014-07-27,0,1,0,0,0,3,1,0,0,0,0,0,0,0,0,0,0,0,1,0,0,0,1,8,0,0,7,0,0,0,0,1,0,11,0,1,0,6,0,18,1,0,1,0,0,0,0,0,0,0,0,0,0,1,0
2014-07-28,0,1,0,0,2,0,1,0,1,0,0,0,0,0,0,0,0,0,4,1,0,0,0,4,0,0,8,0,0,0,0,0,0,8,0,0,0,1,0,14,1,0,0,0,2,2,0,0,1,0,0,0,0,0,0
2014-07-29,0,0,0,0,0,3,1,0,1,0,0,0,0,0,0,0,0,0,1,0,0,0,0,14,0,0,5,0,0,0,0,1,0,5,0,0,0,1,0,12,1,0,0,0,1,0,0,0,0,0,0,0,0,3,0
2014-07-30,0,3,0,0,0,2,0,0,0,0,0,0,0,0,0,0,0,0,1,1,0,0,0,8,0,0,4,0,0,0,0,0,0,4,0,0,0,4,0,12,0,3,1,0,1,1,0,0,0,0,0,0,0,0,0
2014-07-31,0,1,0,0,0,0,0,0,0,0,0,0,0,0,0,0,0,0,1,0,0,0,1,8,0,0,5,0,0,0,0,0,0,9,0,0,0,6,0,12,0,0,0,1,2,0,0,0,0,0,0,0,0,3,0
2014-08-01,0,1,0,0,0,0,1,0,4,0,0,0,0,0,0,0,0,0,0,0,0,0,2,11,0,0,10,0,0,0,0,0,0,9,0,1,0,17,0,31,3,0,1,0,4,0,0,0,0,0,0,1,0,1,1
2014-08-02,0,2,0,0,0,0,1,0,0,0,0,0,0,0,0,0,0,0,0,0,0,0,3,14,0,0,7,0,0,0,0,1,0,7,0,1,0,6,0,47,2,1,3,0,4,0,1,0,0,0,0,0,0,3,1
2014-08-03,0,2,0,0,0,3,2,0,0,0,0,0,0,0,0,0,0,0,0,0,0,0,4,16,0,0,11,0,0,0,0,0,0,12,0,1,0,13,0,17,0,0,2,0,5,0,0,0,0,0,0,0,0,2,0
2014-08-04,0,2,0,0,2,1,2,0,0,0,0,0,0,0,0,0,0,1,0,0,0,2,1,11,0,0,4,0,0,0,1,0,0,6,0,0,0,13,0,32,0,0,9,0,4,1,1,0,0,0,0,0,0,5,0
2014-08-05,0,2,0,0,0,3,4,0,0,0,0,0,0,0,0,1,0,0,0,0,0,1,3,2,0,0,7,0,0,0,0,0,0,7,0,2,0,14,0,31,0,0,3,0,4,0,1,0,0,0,0,1,0,7,0
2014-08-06,0,1,0,0,0,0,5,0,0,0,0,0,0,0,0,0,0,0,1,0,1,0,0,3,0,0,6,0,0,0,0,0,0,12,0,2,0,12,0,33,0,0,1,0,7,0,0,1,0,0,0,0,0,2,0
2014-08-07,0,2,0,0,0,0,3,0,0,0,0,0,0,1,0,0,0,0,0,1,0,0,2,6,0,0,10,0,0,0,0,0,0,14,0,0,0,17,1,29,0,1,1,2,1,2,0,1,0,0,0,0,0,8,0
2014-08-08,0,1,0,0,0,4,3,0,0,0,0,0,0,0,0,0,0,0,1,0,0,0,0,7,0,0,11,0,0,0,0,0,0,9,0,3,0,6,0,32,0,0,6,0,2,0,0,0,0,0,0,0,0,7,0
2014-08-09,0,3,0,0,0,6,4,0,0,0,0,0,0,0,0,0,0,0,1,0,0,0,1,4,0,0,8,0,0,0,1,0,0,14,0,1,0,9,0,27,2,0,4,0,1,0,0,2,0,1,0,0,0,1,0
2014-08-10,0,1,0,0,0,2,9,0,2,0,0,0,0,0,0,0,0,0,2,0,0,0,2,5,0,0,7,0,0,0,0,1,0,18,0,5,0,6,0,35,0,0,1,0,3,0,0,0,0,0,0,0,0,1,1
2014-08-11,0,0,0,0,0,2,2,0,0,0,0,0,0,0,0,0,0,0,1,1,0,0,2,3,0,0,2,0,0,0,0,0,0,21,0,4,0,14,0,25,0,0,11,0,1,0,0,0,0,0,0,0,0,5,0
2014-08-12,0,0,0,0,1,0,1,0,1,0,0,0,0,0,0,0,0,0,0,0,0,0,3,3,0,0,4,0,0,0,0,0,0,11,0,8,0,10,0,25,0,3,3,1,8,0,1,0,0,0,0,0,0,12,2
2014-08-13,0,1,0,0,1,0,10,0,1,0,0,0,0,1,0,0,0,0,2,0,0,0,3,1,0,0,39,0,0,0,0,1,0,10,0,4,0,7,0,20,0,2,5,0,4,0,0,0,0,0,0,1,0,3,0
2014-08-14,0,4,0,0,0,0,1,0,1,0,0,0,0,1,0,3,0,0,2,0,0,0,0,5,0,0,6,0,0,0,0,0,0,10,0,5,0,11,0,40,2,0,0,0,5,0,3,0,0,0,0,0,0,8,0
2014-08-15,0,3,0,0,1,2,1,0,2,0,0,0,0,0,0,0,0,0,0,0,0,0,3,1,0,0,7,1,0,0,0,0,0,13,0,7,0,22,0,41,1,0,1,0,3,1,0,1,0,1,0,0,0,18,2
2014-08-16,1,1,0,0,2,1,3,0,1,0,0,0,0,0,0,0,0,0,0,0,0,0,2,5,0,0,6,0,0,0,0,0,0,11,0,5,0,13,1,44,0,0,0,0,5,0,0,0,0,1,0,1,0,5,0
2014-08-17,0,0,0,0,4,1,2,0,0,0,0,0,0,0,0,0,0,0,1,0,0,0,0,0,0,0,6,0,0,0,0,0,0,16,0,7,0,9,0,51,1,0,0,0,2,1,0,0,0,0,0,3,0,5,0
2014-08-18,0,1,0,0,3,1,3,0,1,2,0,0,0,1,0,0,0,0,3,0,0,0,2,2,0,0,7,0,0,0,0,0,0,9,0,3,0,11,0,46,0,1,1,0,3,1,0,0,0,0,0,0,0,9,0
2014-08-19,0,1,0,0,3,1,4,0,1,0,0,0,0,2,0,1,0,0,6,0,0,0,0,2,0,0,4,0,0,0,1,0,0,9,0,7,0,26,0,24,1,2,0,0,7,2,0,0,0,0,0,0,0,9,0
2014-08-20,0,3,0,0,0,4,6,0,4,0,0,0,0,2,0,1,0,0,2,0,0,0,0,6,0,0,11,1,0,1,0,0,0,8,0,23,0,14,0,37,0,0,2,0,6,3,0,0,0,0,0,1,0,13,0
2014-08-21,0,1,0,0,1,1,1,0,6,0,0,0,0,3,0,0,0,0,1,0,0,0,2,4,0,0,7,0,0,0,0,1,0,10,0,5,0,4,0,39,0,0,4,0,6,0,0,0,0,0,0,1,0,2,3
2014-08-22,0,1,0,0,5,1,3,0,0,0,0,0,0,3,0,0,0,0,0,0,0,0,2,4,0,0,8,0,0,0,0,0,0,5,0,3,0,6,0,42,0,0,2,0,2,0,0,0,0,0,0,1,0,3,0
2014-08-23,0,0,0,0,1,2,3,0,1,0,0,0,0,1,0,0,0,0,2,0,0,1,1,4,0,0,4,1,0,0,1,0,0,8,0,8,0,7,0,37,0,0,4,0,4,0,0,0,0,0,0,0,0,6,0
2014-08-24,0,0,0,0,6,3,2,0,3,0,0,0,0,1,0,0,0,0,1,0,0,0,1,3,0,0,6,0,0,0,0,1,0,10,0,3,0,6,0,42,0,0,4,0,6,0,0,0,0,2,0,0,0,8,0
2014-08-25,0,7,0,0,2,0,5,0,0,1,0,0,0,1,0,0,0,0,1,0,0,0,3,9,0,0,5,5,0,0,0,0,0,10,0,13,0,14,0,46,0,0,3,0,3,0,0,0,0,0,0,2,0,13,0
2014-08-26,0,10,0,0,0,2,1,0,1,0,0,0,0,1,0,0,0,0,3,1,0,0,2,5,0,0,6,3,0,0,0,2,0,6,0,12,0,8,0,45,0,0,2,0,5,1,0,2,0,0,0,0,0,10,0
2014-08-27,0,4,0,0,5,1,1,0,0,0,0,0,0,1,0,0,0,0,0,0,0,0,1,3,0,0,9,1,0,0,0,0,0,6,0,8,0,13,0,37,0,0,3,1,5,0,1,0,0,0,0,2,0,10,0
2014-08-28,0,11,0,0,3,2,3,0,0,2,0,0,0,3,0,0,0,0,2,1,0,0,0,2,0,0,6,1,0,0,0,1,0,7,0,10,0,35,0,69,0,0,2,0,9,0,0,1,0,0,0,1,0,2,1
2014-08-29,0,3,0,0,4,2,1,1,0,0,0,0,0,2,0,0,0,0,0,0,0,0,4,3,0,0,1,0,0,1,0,2,0,1,0,3,0,9,0,41,1,0,1,0,5,1,0,0,0,0,0,0,0,2,0
2014-08-30,0,0,0,0,2,4,4,0,0,0,0,0,0,0,0,0,0,0,2,0,0,0,0,1,0,0,5,0,0,0,0,1,0,1,0,7,0,9,0,42,0,0,1,0,8,1,0,0,0,0,0,0,0,6,0
2014-08-31,0,3,0,0,3,2,3,0,0,0,0,0,0,0,0,1,0,0,1,1,0,0,2,5,0,0,5,0,0,0,0,0,0,4,0,8,0,15,0,47,0,2,2,0,7,0,0,0,0,0,0,1,0,6,0
2014-09-01,0,1,0,0,6,3,2,0,1,0,0,0,0,0,0,0,0,0,1,1,0,0,3,5,1,0,2,0,0,0,0,2,0,9,0,21,0,19,0,71,4,3,5,0,9,0,0,0,0,0,0,3,0,11,0
2014-09-02,0,0,0,0,4,3,10,0,1,0,0,0,0,0,0,0,0,0,2,0,0,1,1,3,0,0,8,1,0,0,1,2,0,6,1,12,0,27,0,56,2,3,3,0,9,0,0,0,0,0,0,1,0,10,0
2014-09-03,0,2,0,0,4,2,2,0,2,0,0,0,0,0,0,0,0,0,0,1,0,0,2,5,0,0,5,2,0,0,0,5,0,4,0,8,0,12,0,48,3,1,6,0,16,0,0,0,0,0,0,5,0,9,0
2014-09-04,0,0,0,0,6,2,6,0,2,0,0,0,0,0,0,0,0,0,6,0,0,1,0,5,2,0,4,1,0,0,1,4,0,2,0,8,0,17,0,60,0,1,5,0,11,0,0,0,0,0,0,2,0,21,0
2014-09-05,0,1,0,0,2,3,5,0,2,0,0,0,0,0,0,1,0,0,2,2,0,0,2,0,0,0,3,0,0,0,0,1,0,0,0,6,0,19,0,53,0,0,5,0,8,0,0,0,0,0,0,2,0,25,0
2014-09-06,0,1,0,0,3,1,5,0,1,1,0,1,0,0,0,1,0,0,1,0,0,0,0,2,2,0,1,0,0,0,0,0,0,3,0,5,0,9,0,67,0,3,2,0,12,0,0,1,1,0,0,3,0,13,0
2014-09-07,0,4,0,0,6,1,2,0,0,0,0,0,0,0,0,0,0,0,1,1,0,2,1,2,2,0,5,1,0,0,0,2,0,3,0,6,0,11,0,36,0,3,4,0,5,0,0,0,0,1,0,2,0,16,0
2014-09-08,1,3,0,0,9,1,4,0,2,0,0,0,0,0,0,0,0,0,2,0,0,0,0,0,0,0,2,0,1,0,0,1,0,1,0,6,0,14,0,66,1,2,3,0,6,1,0,0,0,1,0,0,0,13,0
2014-09-09,0,1,0,0,7,3,5,0,3,0,0,1,0,0,0,0,0,0,2,0,0,1,1,1,0,0,2,2,0,0,0,2,0,1,1,10,0,16,1,74,3,1,5,0,10,0,0,3,0,0,0,2,0,13,0
2014-09-10,0,1,0,0,8,3,2,0,3,0,0,1,0,0,0,0,0,0,1,0,0,0,2,4,0,0,4,3,0,0,0,1,0,6,0,6,0,10,0,55,1,1,6,0,9,0,1,0,0,0,0,3,0,18,0
2014-09-11,0,0,0,0,2,4,4,0,0,0,0,0,0,0,0,1,0,0,1,0,0,0,0,1,0,0,8,0,0,0,0,0,0,5,0,6,0,14,0,42,0,1,5,0,4,0,0,0,0,2,0,2,0,15,0
2014-09-12,1,7,0,0,6,2,4,0,2,0,0,0,0,0,0,2,0,0,1,0,0,1,0,1,1,0,3,0,0,0,0,1,0,4,1,8,0,10,2,52,2,1,3,0,7,0,0,2,0,0,0,3,0,12,0
2014-09-13,0,0,0,0,12,3,7,0,6,0,0,0,0,0,0,0,0,0,1,0,1,2,1,1,0,0,0,0,0,0,1,1,0,2,0,3,0,6,0,49,10,0,2,0,3,0,0,0,0,0,0,9,0,18,0
2014-09-14,0,0,0,0,20,2,7,0,1,0,0,0,0,0,0,0,0,0,0,3,0,0,0,2,2,0,3,0,0,0,1,1,0,1,0,11,0,25,0,54,6,0,1,0,7,0,0,0,0,0,0,2,0,23,0
2014-09-15,0,0,0,0,11,1,6,0,2,0,0,0,0,0,0,0,0,0,4,2,0,1,0,1,0,0,1,0,0,0,1,0,0,10,0,7,0,17,0,45,12,1,2,0,10,1,0,0,0,0,0,7,0,24,0
2014-09-16,0,2,0,0,13,2,9,0,3,1,0,0,0,0,0,0,0,0,1,4,0,0,2,3,3,0,3,0,0,0,1,1,0,2,0,10,0,15,0,46,6,0,1,0,18,0,0,0,0,0,0,10,0,33,0
2014-09-17,0,0,0,0,14,2,3,0,2,0,0,0,0,0,0,0,0,1,1,1,0,1,0,8,4,0,4,0,0,0,0,0,0,2,0,8,0,12,0,70,7,2,1,0,15,3,0,0,0,0,0,5,0,25,0
2014-09-18,1,5,0,0,14,1,16,0,1,0,0,2,0,0,0,0,0,1,1,0,0,0,1,0,2,0,5,0,0,0,0,2,0,0,0,8,0,14,0,53,4,1,2,0,28,2,0,0,0,0,0,1,0,34,0
2014-09-19,0,3,0,0,10,4,6,0,3,0,0,0,0,0,0,0,0,0,0,1,0,1,1,2,4,0,3,0,1,0,0,2,0,6,1,5,0,18,0,51,5,2,8,0,17,0,0,0,0,0,0,7,0,40,0
2014-09-20,0,2,0,0,24,1,4,0,5,2,1,0,0,0,0,0,0,0,2,2,0,0,3,4,2,0,7,0,0,0,0,2,0,2,0,8,0,20,1,44,2,2,4,0,23,1,0,0,0,0,0,5,0,32,0
2014-09-21,0,2,0,0,10,2,8,0,4,0,0,0,0,0,0,0,0,0,2,0,0,0,0,1,1,0,1,1,0,0,0,0,0,1,0,6,0,22,0,29,3,0,7,0,17,1,0,0,0,1,0,1,0,26,0
2014-09-22,0,3,0,0,2,1,3,0,6,0,0,0,0,0,0,0,0,0,2,2,0,0,1,4,0,0,1,0,0,0,0,0,0,1,0,7,0,9,0,33,1,1,2,0,13,3,0,0,0,0,0,6,0,14,0
2014-09-23,0,2,0,0,4,1,5,0,4,1,0,1,0,0,0,0,0,0,0,2,0,0,1,1,2,0,1,1,0,0,0,1,0,0,0,6,0,20,1,23,1,1,3,0,14,4,0,0,0,0,0,6,0,12,0
2014-09-24,0,2,0,0,15,1,3,0,2,1,0,0,0,0,0,0,0,0,2,2,0,0,0,2,1,0,4,0,0,0,0,1,0,0,0,6,0,8,0,25,2,4,0,0,11,1,0,0,0,0,0,4,0,22,0
2014-09-25,1,5,0,0,4,0,1,0,2,0,0,0,0,0,0,0,0,0,0,3,0,0,0,2,0,0,2,0,0,0,0,3,0,1,1,6,0,14,0,24,2,5,3,0,12,1,0,0,0,0,0,8,0,20,0
2014-09-26,0,0,0,0,22,0,4,0,3,0,0,0,0,0,0,0,0,0,2,2,1,1,0,2,2,0,2,2,0,0,0,0,0,0,0,3,0,9,0,60,2,3,2,0,12,1,0,0,0,0,0,6,0,11,0
2014-09-27,0,1,0,0,12,10,5,0,1,0,0,0,0,0,0,0,0,0,0,1,0,1,0,6,0,0,3,3,0,0,0,3,0,3,0,4,0,11,0,51,1,5,2,0,11,1,0,0,0,0,0,5,0,5,0
2014-09-28,0,4,0,0,20,1,2,0,5,0,0,0,0,0,0,0,0,0,0,2,0,0,1,1,0,0,1,1,0,0,0,2,0,2,0,6,0,11,0,50,1,3,2,0,8,1,1,1,0,1,0,0,0,23,0
2014-09-29,0,3,0,1,8,1,11,0,3,0,0,0,0,0,0,0,0,0,1,3,0,2,1,2,1,0,1,0,0,0,0,3,0,1,0,9,0,15,0,25,4,3,0,0,9,1,0,0,0,0,0,7,0,19,0
2014-09-30,0,7,0,0,11,2,4,0,3,1,0,0,0,0,0,0,0,0,0,0,0,2,0,1,1,0,3,0,0,0,0,3,0,0,5,9,0,12,0,63,1,0,8,1,12,2,1,0,1,0,0,3,0,42,0
2014-10-01,2,1,0,0,5,1,4,0,2,10,0,1,0,0,0,0,0,2,1,2,0,0,0,1,1,0,2,3,0,0,3,11,0,1,0,8,0,12,0,111,1,4,3,0,11,4,0,0,0,2,0,2,0,29,0
2014-10-02,0,3,0,0,6,1,3,0,1,3,0,0,0,0,0,0,0,0,2,0,0,0,0,1,0,0,5,1,0,0,1,3,0,1,1,6,0,13,0,85,1,4,5,0,16,2,0,0,0,0,0,15,0,40,0
2014-10-03,1,4,0,0,9,4,3,0,1,2,0,1,0,0,0,1,0,0,2,8,0,0,0,0,0,0,3,3,0,0,1,5,0,4,2,8,0,18,0,67,0,2,4,0,17,0,0,0,0,0,0,3,0,45,0
2014-10-04,0,0,0,0,14,3,3,0,0,9,0,0,0,0,0,0,0,1,1,3,0,0,1,0,1,0,4,2,0,0,0,3,0,2,2,7,0,13,0,65,1,2,2,0,20,4,1,1,0,1,0,10,0,38,0
2014-10-05,0,4,0,0,7,2,1,0,1,0,1,0,0,0,0,0,0,0,0,2,0,0,0,2,3,0,0,0,0,1,3,3,0,0,1,7,0,0,0,49,1,3,4,0,15,2,0,0,0,0,0,5,0,45,0
2014-10-06,2,2,0,0,15,3,0,0,3,2,0,1,0,0,0,0,0,2,0,0,0,0,1,2,0,0,2,0,0,0,0,4,0,2,0,6,0,3,0,19,1,4,1,0,12,0,0,0,0,0,0,8,0,42,0
2014-10-07,0,1,0,0,14,4,1,0,0,0,0,0,0,0,0,0,0,0,1,0,0,0,0,2,0,0,3,1,0,0,0,2,0,0,2,5,0,9,0,36,3,4,1,0,17,0,0,0,0,3,0,3,0,37,0
2014-10-08,0,5,0,0,11,6,7,0,2,1,0,0,0,0,0,1,0,1,1,0,0,1,0,3,1,0,2,2,0,0,3,2,0,2,1,8,0,3,1,29,2,3,1,0,17,0,0,0,1,0,0,4,0,20,0
2014-10-09,0,6,0,0,8,0,1,0,2,0,0,0,0,0,1,0,0,2,0,0,0,0,0,1,1,0,3,3,2,1,5,1,0,0,0,1,0,9,0,17,1,5,4,0,14,1,0,0,0,0,0,5,0,32,0
2014-10-10,0,8,0,0,12,1,2,1,3,0,0,0,0,0,0,0,0,0,0,0,0,0,0,2,0,1,8,5,0,0,1,5,0,0,1,5,0,9,0,33,4,6,6,0,30,0,0,0,0,0,0,13,0,67,0
2014-10-11,0,2,0,0,8,1,3,0,1,1,0,0,0,0,1,0,0,0,0,0,0,0,0,2,0,0,5,2,1,0,4,0,0,0,0,10,0,2,0,20,3,1,1,0,20,0,0,0,0,0,0,8,0,32,0
2014-10-12,0,2,0,0,8,0,2,0,6,0,0,0,0,0,1,0,0,1,2,1,0,0,0,4,1,0,8,5,0,0,2,1,0,0,0,4,0,4,0,34,4,3,1,0,14,2,0,0,0,0,0,2,0,27,0
2014-10-13,0,3,0,0,2,0,2,0,1,0,0,0,0,0,1,0,0,0,0,4,0,0,0,2,0,0,1,5,1,0,0,2,0,1,0,6,0,7,0,29,1,3,0,0,16,1,0,0,0,0,0,1,0,32,0
2014-10-14,0,1,0,0,6,5,0,0,1,2,0,0,0,0,0,0,0,0,1,6,0,0,1,10,0,0,3,5,0,0,8,1,0,1,0,3,0,6,0,33,0,1,0,0,14,2,1,0,0,0,0,2,0,30,0
2014-10-15,2,1,0,0,9,0,1,0,3,0,0,0,0,0,0,1,0,1,0,4,0,1,1,9,0,0,0,2,0,0,7,3,0,0,0,3,0,8,1,26,0,2,3,0,23,0,0,0,0,2,0,4,0,45,0
2014-10-16,0,1,0,0,7,0,3,0,0,1,0,0,0,0,0,1,0,0,2,2,0,0,0,5,0,0,5,1,0,0,1,1,0,0,0,1,0,3,0,18,0,5,0,0,12,2,0,0,0,0,0,6,0,53,0
2014-10-17,0,5,0,0,4,0,1,0,0,1,0,0,0,0,0,0,0,0,1,1,0,0,1,6,0,1,2,2,0,0,4,2,1,0,0,5,0,3,0,26,1,3,0,0,22,0,0,0,1,1,0,11,0,42,0
2014-10-18,0,1,0,0,14,1,1,0,0,0,0,0,0,0,0,0,0,0,0,1,0,0,1,3,1,0,3,4,0,0,2,2,0,1,2,5,0,6,0,14,0,1,0,0,21,0,0,0,0,0,0,6,0,38,0
2014-10-19,1,2,0,0,15,1,1,0,0,1,0,0,0,0,0,0,0,0,0,1,0,0,0,3,0,0,1,3,0,0,5,2,0,0,1,3,0,4,0,24,1,2,1,0,26,1,0,0,1,1,0,11,0,49,0
2014-10-20,1,4,0,0,25,0,3,0,1,1,0,0,0,0,0,0,0,0,0,0,0,1,0,1,2,0,2,2,1,0,3,2,0,0,0,2,0,4,0,24,2,2,0,0,34,0,0,0,0,1,0,10,0,57,0
2014-10-21,1,0,0,0,6,1,3,0,2,0,0,0,0,0,0,0,0,0,1,0,0,0,0,1,0,0,0,1,0,0,0,0,0,1,0,4,0,2,0,14,3,2,2,0,23,0,1,0,1,0,0,5,0,51,0
2014-10-22,0,5,0,0,7,2,2,0,2,3,0,0,0,0,0,1,0,0,0,2,0,0,0,4,0,0,1,3,0,0,4,5,0,0,1,5,0,1,0,15,2,1,2,0,26,1,0,0,0,0,0,3,0,42,0
2014-10-23,0,2,0,0,3,3,1,0,2,0,0,0,0,0,0,0,0,0,0,0,1,0,0,7,2,0,3,3,1,0,0,2,0,0,2,6,0,3,0,17,0,1,0,0,26,2,0,0,0,0,0,2,0,51,0
2014-10-24,1,2,0,0,10,1,2,0,0,1,0,0,0,0,0,1,0,1,0,0,0,1,0,2,1,0,2,1,0,0,2,0,0,0,0,4,0,1,0,25,0,0,1,0,41,2,1,0,0,0,0,2,0,58,0
2014-10-25,0,5,0,0,8,2,0,0,2,0,0,0,0,0,0,0,0,0,1,1,0,0,0,4,3,0,4,1,0,0,4,2,0,0,0,3,0,5,0,8,0,2,1,0,32,0,0,0,0,0,0,6,0,80,0
2014-10-26,0,1,0,0,17,2,1,0,3,0,0,0,0,0,0,0,0,0,2,0,0,0,0,4,2,0,4,3,2,0,5,0,0,0,1,4,0,1,1,9,0,5,0,0,25,0,0,0,0,0,0,7,0,66,0
2014-10-27,0,6,0,0,13,2,1,0,0,0,0,0,0,1,0,0,0,0,1,1,0,0,0,5,0,0,0,0,1,0,5,0,0,0,0,9,0,1,0,18,3,5,2,0,17,0,0,0,0,0,0,6,0,57,0
2014-10-28,0,4,0,0,13,0,3,0,1,1,0,0,0,0,0,0,0,1,0,1,0,1,0,3,2,0,2,3,0,0,1,1,0,0,0,6,0,6,0,14,0,2,1,0,32,1,1,0,1,1,0,1,0,56,0
2014-10-29,1,1,0,0,9,2,0,0,4,0,0,0,0,0,0,0,0,0,0,4,1,0,0,7,1,1,0,1,4,0,6,4,0,1,0,11,0,0,1,24,2,2,1,0,23,0,2,0,0,0,0,2,0,65,0
2014-10-30,0,1,0,0,13,5,3,0,4,1,0,0,0,0,1,0,0,0,1,1,0,0,1,3,3,0,3,4,1,0,1,8,0,2,0,4,0,3,0,16,5,1,0,0,28,0,2,0,0,0,0,4,0,60,0
2014-10-31,0,2,0,0,5,1,0,0,2,2,0,0,0,0,0,0,0,0,0,0,0,0,1,2,1,2,2,7,0,0,4,0,0,0,0,5,0,3,0,6,3,7,1,0,29,0,1,0,1,1,0,5,0,32,0
2014-11-01,0,1,0,0,6,1,2,0,6,3,1,0,0,0,4,2,0,4,2,2,0,0,2,3,4,0,0,2,0,0,13,2,0,1,1,6,0,3,0,18,7,2,0,0,28,0,1,0,0,0,0,14,0,47,0
2014-11-02,5,2,0,0,5,0,0,0,1,4,1,0,0,0,8,0,0,1,5,2,0,0,0,5,1,0,1,10,2,0,4,3,0,0,0,6,0,2,0,12,14,2,1,0,25,0,0,0,3,1,0,8,0,65,0
2014-11-03,2,2,0,0,11,0,7,0,3,2,0,0,0,0,7,0,0,0,2,4,0,0,0,1,1,0,2,2,3,0,4,1,0,0,1,3,0,3,0,15,5,2,0,0,20,1,0,0,1,0,0,6,0,63,0
2014-11-04,3,1,0,0,2,0,0,0,1,0,0,0,0,0,1,1,0,1,1,1,0,0,1,2,0,0,4,2,1,0,7,2,0,0,0,3,0,0,0,12,4,3,0,0,29,1,2,0,1,0,0,10,0,62,0
2014-11-05,2,6,0,0,8,3,0,0,2,0,0,0,0,0,2,0,0,0,0,3,0,0,0,5,1,0,3,2,1,0,3,0,0,0,0,3,0,2,0,7,4,4,0,0,16,0,0,0,0,0,0,11,0,51,0
2014-11-06,1,5,0,0,18,3,3,0,0,2,0,0,0,0,0,0,0,1,1,2,0,0,0,2,0,0,5,0,1,0,2,1,0,0,0,0,0,2,0,12,1,3,0,0,19,0,0,0,0,0,0,5,0,60,0
2014-11-07,1,3,0,0,9,1,5,0,0,0,0,0,0,0,1,0,0,1,2,3,0,0,0,1,1,0,3,1,1,0,3,2,0,0,1,1,0,4,0,5,2,1,0,0,15,1,0,0,0,0,0,5,0,73,0
2014-11-08,3,5,0,0,8,1,4,0,0,1,0,0,0,0,0,0,0,0,2,1,0,0,0,1,0,1,2,0,1,0,0,3,1,0,1,5,0,1,1,16,2,1,0,0,39,0,3,0,0,0,0,0,0,54,0
2014-11-09,1,6,0,0,2,0,2,0,0,1,0,0,0,1,1,0,0,2,1,0,0,0,0,1,3,0,2,3,0,0,5,2,0,0,0,5,0,4,0,19,3,3,0,0,12,3,3,0,0,0,0,11,0,42,0
2014-11-10,0,5,0,0,11,2,6,0,3,1,0,0,0,0,4,0,0,0,0,1,0,0,0,3,2,1,0,1,3,0,2,17,0,0,0,2,0,1,0,17,2,5,0,0,24,1,0,0,0,0,0,6,0,82,0
2014-11-11,0,1,0,0,3,0,3,0,0,1,0,0,0,0,0,0,0,1,0,0,0,0,0,1,5,0,2,2,0,0,0,12,3,0,1,8,0,3,0,9,1,3,1,0,16,0,0,0,0,0,0,17,0,59,0
2014-11-12,0,7,0,0,7,2,3,0,0,2,0,0,0,0,0,0,0,0,1,1,0,0,0,3,3,0,0,4,0,0,3,7,3,0,1,3,0,3,0,20,3,2,2,0,24,0,0,0,0,1,0,5,0,39,0
2014-11-13,0,1,0,0,10,0,2,0,0,0,0,0,0,0,10,0,0,0,2,1,0,0,1,1,1,0,0,1,1,1,2,5,1,0,2,6,0,2,0,20,1,11,0,0,19,0,0,0,0,0,0,13,0,49,0
2014-11-14,0,0,0,0,17,1,3,0,0,1,0,0,0,0,4,0,0,1,1,2,0,0,0,1,4,1,3,2,2,0,2,6,1,0,0,0,0,3,0,9,0,3,0,0,21,0,0,0,0,0,0,6,0,66,0
2014-11-15,3,4,0,0,11,1,3,0,0,0,0,0,0,0,1,0,0,0,0,2,1,0,0,2,2,3,3,1,1,0,0,11,2,0,1,3,0,2,0,16,2,1,0,0,22,0,0,0,2,0,0,5,0,57,0
2014-11-16,0,2,0,0,7,0,1,0,3,1,0,0,0,2,0,0,0,0,0,3,1,0,0,1,0,2,2,0,0,4,1,10,0,0,2,4,0,0,0,15,1,3,0,0,14,1,0,0,0,3,0,4,0,50,0
2014-11-17,3,6,0,0,5,0,0,0,2,3,0,0,0,1,1,0,0,0,0,7,0,0,0,0,2,0,0,0,4,0,0,5,0,0,3,0,0,0,0,11,2,5,1,0,20,1,0,0,2,0,0,2,0,40,0
2014-11-18,0,6,0,0,5,2,0,0,5,5,0,0,0,4,3,1,0,0,0,3,0,0,0,1,5,1,0,0,1,2,0,1,0,0,1,2,0,0,0,17,0,1,0,0,20,2,0,0,1,0,0,6,0,76,0
2014-11-19,0,3,0,0,13,0,2,0,0,2,1,0,0,0,1,2,0,0,0,4,0,0,1,0,5,0,0,0,1,0,1,4,0,0,0,1,0,2,0,11,0,2,0,0,26,0,0,0,0,1,0,6,0,56,0
2014-11-20,0,5,0,0,16,0,0,0,3,5,0,0,0,0,0,0,0,0,1,7,0,0,0,2,2,5,1,0,3,0,1,5,0,0,2,2,0,0,0,15,1,1,0,0,22,3,0,0,0,0,0,7,0,57,0
2014-11-21,0,1,0,0,8,1,0,0,1,0,0,0,0,0,1,0,0,0,0,4,0,0,0,0,2,2,2,0,2,0,0,2,0,0,0,2,0,5,0,7,0,2,0,0,17,0,0,0,0,0,0,4,0,52,0
2014-11-22,0,1,0,0,6,0,0,0,4,2,0,0,0,0,0,0,0,0,0,2,0,0,0,2,2,0,1,0,0,0,2,5,0,0,2,1,0,1,0,15,0,2,0,0,26,0,0,0,0,0,0,4,0,62,0
2014-11-23,0,3,0,0,18,0,0,0,2,1,0,0,0,0,0,0,0,0,0,0,0,0,0,2,1,0,2,0,0,0,1,3,0,0,0,8,0,2,0,27,1,2,0,0,19,0,0,0,0,0,0,8,0,72,0
2014-11-24,0,3,0,0,9,0,0,0,0,1,0,0,0,2,1,0,0,0,2,0,0,0,0,1,1,0,0,0,1,0,0,11,0,0,1,2,0,2,0,9,0,0,0,0,22,2,0,0,0,0,0,3,0,61,0
2014-11-25,0,2,0,0,4,1,0,0,2,1,0,0,0,1,1,0,0,0,2,0,0,0,0,4,1,0,2,0,1,0,1,7,1,0,0,8,0,0,0,9,2,2,0,0,21,2,0,0,0,0,0,3,0,66,0
2014-11-26,0,3,0,0,11,1,0,0,1,0,0,0,0,2,0,1,0,0,2,0,0,0,0,2,3,0,1,0,1,0,1,7,0,0,0,2,0,0,0,7,0,0,1,0,19,2,0,0,0,0,0,4,0,58,0
2014-11-27,0,1,0,0,6,0,0,0,3,2,0,0,0,1,0,0,0,0,1,2,0,0,0,0,2,0,0,0,1,0,1,17,0,0,3,4,0,1,0,9,4,0,0,0,10,1,0,0,0,0,0,2,0,75,0
2014-11-28,1,0,0,0,5,1,0,0,1,4,2,0,0,0,0,1,0,0,0,5,0,0,0,1,1,0,2,0,3,1,0,3,0,0,1,7,0,0,0,19,0,1,0,0,9,0,0,0,1,2,0,6,0,46,0
2014-11-29,0,0,0,0,6,0,0,0,2,1,0,0,0,0,1,0,0,0,1,0,0,0,0,0,1,0,5,1,0,0,0,6,1,0,0,0,0,0,0,7,1,0,0,0,15,0,0,0,1,0,1,3,0,39,0
2014-11-30,0,6,0,0,6,1,0,0,2,1,0,0,0,2,1,2,0,0,0,4,0,0,0,1,5,1,1,2,0,2,0,5,0,0,0,2,0,0,0,5,0,1,0,0,20,0,0,0,1,0,0,6,0,51,0
2014-12-01,0,4,0,0,6,3,0,0,3,6,1,0,0,0,0,0,0,0,1,2,0,0,0,1,0,0,3,0,2,3,2,8,1,0,0,6,0,0,0,6,4,1,0,0,17,1,0,0,1,0,2,2,0,52,0
2014-12-02,0,5,0,0,0,0,0,0,5,3,0,0,0,0,0,5,0,0,0,0,0,0,0,1,2,2,0,1,0,1,0,8,0,0,0,3,0,0,0,3,4,2,0,0,9,0,0,0,0,0,1,2,0,75,0
2014-12-03,0,7,0,0,3,2,0,0,6,5,0,0,0,1,0,0,0,0,1,2,0,0,2,3,1,0,1,0,0,2,0,8,0,0,2,3,0,0,1,5,0,3,0,0,7,1,0,0,0,0,2,2,0,52,0
2014-12-04,0,8,0,0,1,1,0,0,3,4,0,0,0,0,0,0,0,0,3,1,0,0,0,6,1,0,1,0,0,0,0,8,0,0,0,3,0,0,1,2,2,0,0,0,18,1,0,0,0,0,1,4,0,34,0
2014-12-05,0,5,0,0,2,1,0,0,3,2,0,0,0,0,0,2,0,0,0,3,0,0,0,1,3,0,0,0,0,2,2,9,0,0,0,2,0,0,0,2,1,2,0,0,12,2,0,0,0,3,0,3,0,54,0
2014-12-06,0,7,0,0,2,1,0,0,3,3,0,0,0,2,0,2,0,0,0,0,0,0,0,3,2,0,0,0,1,1,2,3,0,0,0,2,0,0,0,1,0,0,0,0,17,2,0,0,0,0,0,3,0,58,0
2014-12-07,0,3,0,0,5,1,0,0,2,4,0,0,0,2,0,1,0,0,1,0,0,0,1,3,3,0,4,0,0,7,1,6,0,0,0,1,0,0,0,2,0,2,0,0,18,4,0,0,0,1,0,3,0,39,0
2014-12-08,0,3,0,0,1,0,0,0,1,1,0,0,0,0,0,1,0,0,1,1,0,0,0,1,1,0,0,0,2,2,0,10,1,0,1,0,0,0,0,5,0,0,0,0,20,0,0,0,0,0,0,7,0,46,0
2014-12-09,0,8,0,0,1,0,0,0,3,0,0,0,0,0,1,0,0,0,0,1,0,0,0,1,1,0,2,1,1,6,0,16,0,0,0,1,0,0,0,2,0,0,0,0,23,3,0,0,0,0,0,2,0,74,0
2014-12-10,2,2,0,0,8,0,0,0,3,0,0,0,0,0,0,0,1,0,0,0,0,0,0,2,2,0,3,2,3,6,0,12,0,0,1,0,0,0,0,2,0,2,0,0,36,3,0,0,0,0,1,5,0,74,0
2014-12-11,0,1,0,0,2,0,0,0,1,1,0,0,0,1,0,1,0,0,0,0,0,0,0,0,2,0,0,1,0,5,0,11,0,0,0,1,0,0,0,0,1,2,0,0,11,1,0,0,0,0,0,2,0,38,0
2014-12-12,0,6,0,0,1,0,0,0,7,2,0,0,0,1,0,2,0,0,0,2,0,0,0,2,3,0,2,1,3,14,0,7,0,0,0,0,0,0,0,1,0,1,0,0,23,8,0,0,0,0,1,11,0,77,0
2014-12-13,0,2,0,0,3,1,0,0,9,4,0,0,0,0,0,2,0,0,0,2,0,0,1,1,0,0,1,4,0,8,1,7,0,0,0,1,0,0,0,0,2,1,0,0,7,1,0,0,0,0,0,6,0,53,0
2014-12-14,0,2,0,0,2,0,0,0,2,5,0,0,0,2,0,1,0,0,0,3,0,0,0,0,0,1,1,3,1,8,0,9,0,0,1,0,0,0,0,0,3,0,0,0,15,4,0,0,0,0,0,3,0,56,0
2014-12-15,0,3,0,0,1,0,0,0,3,3,0,0,0,0,0,2,0,0,0,1,0,0,1,0,7,0,2,0,1,7,0,4,0,0,1,2,0,0,0,0,0,1,0,0,27,4,0,0,0,0,1,6,0,50,0
2014-12-16,0,1,0,0,3,0,0,0,3,1,0,0,0,1,0,0,0,0,0,0,0,0,1,0,2,0,0,1,5,2,2,3,0,0,1,1,0,0,0,0,1,0,0,0,27,0,0,0,0,0,1,4,0,63,0
2014-12-17,0,1,0,1,3,0,0,0,2,1,0,0,0,1,0,0,0,0,0,0,0,0,0,0,1,0,2,1,2,3,0,8,0,0,2,3,0,0,0,0,0,0,0,0,19,5,0,0,0,0,1,6,0,46,0
2014-12-18,0,3,0,0,4,0,0,0,6,3,0,0,0,4,0,1,0,0,1,0,0,0,2,1,2,0,1,0,1,12,2,6,0,0,1,0,0,0,0,0,0,0,0,0,18,3,0,0,1,0,0,5,0,66,0
2014-12-19,0,2,1,0,3,0,0,0,0,1,0,0,0,1,1,1,0,0,0,0,0,0,0,0,0,0,1,0,5,11,0,11,0,0,2,2,0,0,0,0,0,1,0,0,10,7,0,0,0,0,1,8,0,70,0
2014-12-20,0,2,0,0,3,0,0,0,4,5,0,0,0,7,0,1,0,0,0,0,0,0,0,3,5,0,2,0,3,0,3,15,0,0,0,0,0,0,0,0,2,0,0,0,21,5,0,0,0,0,2,4,0,72,0
2014-12-21,0,2,0,0,1,0,0,0,2,3,0,0,0,2,0,2,0,0,0,0,0,0,0,0,4,0,1,0,1,1,1,13,0,0,2,0,0,0,0,0,0,1,0,0,9,5,0,0,0,0,0,4,0,62,0
2014-12-22,0,3,0,0,0,0,0,0,4,0,0,0,0,6,2,0,0,0,0,0,0,0,0,0,1,0,2,0,1,1,2,21,0,0,4,0,0,1,0,0,2,1,0,0,17,0,0,0,1,0,0,3,0,36,0
2014-12-23,0,4,0,0,3,0,0,0,3,0,1,0,0,6,0,0,0,0,0,0,0,0,0,2,4,0,0,0,3,2,1,17,0,0,0,0,0,0,0,0,1,1,0,0,14,2,0,0,0,0,2,0,0,61,0
2014-12-24,0,4,1,0,5,1,0,0,1,1,0,0,0,2,0,1,0,0,0,0,0,0,0,2,0,0,0,0,0,1,0,23,0,0,1,0,0,0,0,0,0,0,0,0,14,1,0,0,0,0,0,5,0,53,0
2014-12-25,0,2,0,0,3,0,0,0,0,0,0,0,0,0,0,0,1,0,0,0,0,0,0,2,3,0,5,0,2,1,2,12,0,0,1,0,0,0,0,0,0,0,0,0,12,1,0,0,0,0,0,4,0,45,0
2014-12-26,0,4,0,0,0,0,0,0,7,0,0,0,0,2,0,1,1,0,0,0,0,0,0,0,3,2,3,0,0,1,2,22,0,0,1,0,0,0,0,0,1,0,0,0,9,2,0,0,0,0,0,2,0,54,0
2014-12-27,0,2,0,0,2,0,0,0,6,0,0,0,0,0,0,1,0,0,0,0,0,0,0,1,1,0,2,0,0,3,0,6,0,0,4,0,0,0,0,0,1,0,0,0,14,2,0,0,0,0,0,3,0,58,0
2014-12-28,0,2,1,0,0,0,0,0,2,1,0,0,0,0,0,0,0,0,0,0,0,0,0,0,0,0,0,0,0,1,0,22,0,0,2,0,0,0,0,0,2,0,0,0,9,8,0,0,0,0,0,0,0,59,0
2014-12-29,0,1,0,0,2,0,0,0,2,1,0,0,0,0,0,1,0,0,0,0,0,0,0,0,1,0,0,0,1,0,0,16,0,0,0,0,0,0,0,0,3,1,0,0,9,5,0,0,0,0,0,1,0,46,0
2014-12-30,0,3,0,0,2,0,0,0,4,0,0,0,0,1,1,0,0,0,0,0,0,0,0,0,3,1,0,0,0,1,0,10,0,0,2,0,0,0,0,0,1,0,0,0,7,1,0,0,0,0,0,2,0,45,0
2014-12-31,0,0,0,0,5,0,0,0,0,1,0,0,0,0,0,0,0,0,0,0,0,0,0,0,1,0,1,0,1,0,0,10,0,0,1,0,0,0,0,0,2,0,0,0,11,1,0,0,0,0,0,1,0,45,0
2015-01-01,0,3,0,0,1,1,0,0,1,0,0,0,0,2,0,5,0,0,0,0,0,0,0,1,2,1,2,0,0,0,0,8,0,0,0,0,0,0,0,0,3,0,0,0,9,3,0,0,0,0,0,4,0,56,0
2015-01-02,0,2,0,0,1,0,0,0,2,1,0,0,0,1,0,2,0,0,0,0,0,0,0,1,5,0,1,0,0,0,0,10,0,0,0,0,0,0,0,16,1,0,0,0,10,2,0,0,0,0,0,3,0,37,0
2015-01-03,0,0,0,0,1,0,0,0,2,0,0,0,0,2,0,2,0,0,0,0,0,0,0,0,5,1,0,0,0,0,2,3,0,0,0,0,0,5,0,30,0,1,0,0,4,3,0,0,0,0,0,5,0,48,0
2015-01-04,0,4,0,0,0,0,0,0,2,2,0,0,0,0,0,6,0,0,0,0,0,0,0,1,5,0,1,0,0,0,1,15,0,0,0,0,0,0,0,0,1,0,0,0,7,4,0,0,0,0,0,6,0,40,0
2015-01-05,0,0,1,0,1,0,0,0,2,2,0,0,0,0,0,3,0,0,0,0,0,0,0,0,11,0,2,0,1,1,0,6,0,0,0,0,0,0,0,0,1,0,0,0,12,6,0,0,0,0,0,2,0,59,0
2015-01-06,1,0,0,0,2,0,0,0,0,0,0,0,0,2,0,0,0,0,0,0,0,0,0,1,4,0,1,0,0,0,0,7,0,0,0,0,0,2,0,21,0,0,0,0,12,4,0,0,0,0,0,1,0,42,0
2015-01-07,0,2,1,0,0,0,0,0,1,0,0,0,0,3,0,3,0,0,0,0,0,0,0,0,9,0,1,0,0,0,0,7,0,0,1,0,0,3,0,13,2,0,0,0,11,5,0,0,0,0,0,0,0,55,0
2015-01-08,0,1,0,0,4,0,0,0,2,2,0,0,0,0,1,0,0,0,0,0,0,0,0,0,1,0,0,0,0,0,0,7,0,0,0,0,0,0,0,2,0,0,0,0,9,3,0,0,0,0,0,0,0,22,0
2015-01-09,0,0,1,0,2,0,0,0,0,0,0,0,0,0,1,0,0,0,0,0,0,0,0,1,1,0,2,0,0,0,0,5,0,0,0,0,0,0,0,0,0,0,0,0,10,7,0,0,0,0,0,2,0,35,0
2015-01-10,0,5,2,0,3,0,0,0,0,1,0,0,0,0,0,0,0,0,0,0,0,0,0,0,4,0,3,0,0,0,0,12,0,0,0,0,0,0,0,0,1,0,0,0,12,4,0,0,0,0,0,2,0,26,0
2015-01-11,0,1,1,0,1,0,0,1,0,0,0,0,0,0,0,0,0,0,0,0,0,0,0,0,2,0,0,0,0,0,0,6,0,0,1,0,0,0,0,0,1,0,0,0,12,3,0,0,0,0,0,0,0,25,0
2015-01-12,0,1,0,0,0,0,0,0,1,0,0,0,0,0,1,3,0,0,0,0,0,0,0,1,1,0,0,0,0,0,1,4,0,0,0,0,0,0,0,0,0,0,0,0,6,6,0,0,0,0,0,0,0,32,0
2015-01-13,0,1,0,0,1,0,0,0,1,0,0,0,0,0,0,1,0,0,0,0,0,0,0,0,1,1,2,0,0,0,1,6,0,0,0,0,0,0,0,0,4,1,0,0,7,2,0,0,0,0,0,1,0,31,0
2015-01-14,0,0,0,0,1,0,1,0,0,0,0,0,0,0,0,3,0,3,0,0,0,0,0,2,0,0,0,0,0,0,1,13,0,0,0,0,0,2,0,6,1,0,0,0,12,6,0,0,0,0,0,1,0,17,0
2015-01-15,0,1,0,0,2,1,0,0,1,0,0,0,0,0,0,5,0,0,0,1,0,0,0,0,5,0,2,0,1,0,3,8,0,0,0,1,0,0,0,0,0,0,0,0,5,4,0,0,0,0,0,0,1,27,0
2015-01-16,0,1,0,0,1,0,0,0,1,0,0,0,0,0,0,4,0,0,0,0,0,0,0,0,3,0,0,0,0,0,0,3,0,0,0,0,0,0,0,1,0,1,0,0,4,6,0,0,0,0,0,0,0,30,0
2015-01-17,0,0,0,0,0,0,0,0,0,0,0,0,0,0,0,6,0,0,0,0,0,0,0,0,2,0,1,0,1,0,1,9,0,0,1,0,0,0,0,3,0,1,0,0,6,7,0,0,0,0,0,3,0,30,0
2015-01-18,0,0,0,0,2,0,0,0,3,0,0,0,0,0,0,4,0,0,0,0,0,0,0,0,1,0,0,0,0,0,3,4,0,0,1,0,1,0,0,0,0,0,0,0,3,5,0,0,0,0,0,2,0,30,0
2015-01-19,0,3,0,0,1,0,0,0,2,0,0,0,0,0,0,2,0,0,0,0,0,0,0,0,0,0,0,0,0,0,3,9,0,0,1,0,0,0,0,0,0,0,0,0,5,4,0,0,0,0,0,0,0,21,0
2015-01-20,0,1,0,0,1,0,0,0,3,1,0,0,0,0,0,4,0,0,0,0,0,0,0,0,4,0,4,0,0,0,2,8,0,0,0,0,0,0,0,0,0,0,0,0,4,4,0,0,0,0,0,2,0,39,0
2015-01-21,0,0,0,0,1,0,0,0,1,0,0,0,0,0,0,0,0,0,0,0,0,0,0,0,6,0,0,0,0,1,0,6,0,0,0,0,0,0,0,0,0,0,0,0,6,5,0,0,0,0,0,0,0,24,0
2015-01-22,0,1,0,0,1,0,0,0,1,0,0,0,0,0,0,0,0,0,0,0,0,0,0,1,2,0,3,0,1,0,0,3,0,0,3,0,0,0,0,0,2,1,0,0,8,4,0,0,0,0,0,1,0,35,0
2015-01-23,0,1,0,0,1,0,0,0,1,0,0,0,0,0,0,5,0,0,0,0,0,0,0,0,3,0,1,0,0,0,0,4,0,0,1,0,0,0,0,0,1,0,0,0,4,7,0,0,0,0,0,0,0,26,0
2015-01-24,0,0,1,0,3,0,0,0,0,0,0,0,0,0,0,1,0,0,0,0,0,0,0,0,0,0,1,0,0,0,0,4,0,0,1,0,0,0,0,0,0,0,0,0,17,2,0,0,1,0,0,1,0,20,0
2015-01-25,0,1,1,0,0,0,0,0,2,0,0,0,0,0,0,2,0,0,0,0,0,0,0,1,2,0,2,0,2,0,0,2,0,0,1,0,0,0,0,0,0,0,0,0,13,3,0,0,0,0,0,2,0,22,0
2015-01-26,0,0,0,0,0,0,0,0,2,1,0,0,0,0,0,1,0,0,0,0,0,0,0,0,2,0,5,0,0,0,0,7,0,0,0,0,0,0,0,0,1,1,0,0,17,3,0,0,0,0,0,0,0,20,0
2015-01-27,0,0,0,0,0,0,0,0,0,0,0,0,0,1,1,1,0,0,0,0,0,0,0,1,2,0,5,0,0,0,0,3,0,0,1,0,0,0,0,0,1,0,0,0,10,4,0,0,0,0,0,1,0,27,0
2015-01-28,0,0,0,0,0,0,0,0,2,0,0,0,0,1,0,7,0,0,0,0,0,0,0,0,2,0,3,0,0,0,0,2,0,0,5,0,0,0,0,0,0,0,0,0,6,10,0,0,0,0,0,0,0,25,0
2015-01-29,0,0,0,1,1,0,0,0,2,0,0,0,0,4,0,1,0,0,0,0,0,0,0,0,2,0,2,0,0,0,0,5,0,0,3,0,0,0,0,0,0,0,0,0,3,5,0,0,0,0,0,0,0,22,0
2015-01-30,0,0,1,0,0,0,0,0,3,0,0,0,0,4,0,3,0,0,0,0,0,0,0,0,1,0,4,0,0,0,0,4,0,0,1,0,1,0,0,0,0,0,0,0,7,7,0,0,0,0,0,0,0,18,0
2015-01-31,0,0,0,0,1,0,0,0,2,0,0,0,0,0,0,7,0,0,0,0,0,0,0,0,3,0,4,0,0,1,0,2,0,0,3,0,0,0,0,0,2,0,0,0,8,4,0,0,0,0,0,1,1,18,0
2015-02-01,0,1,0,0,0,0,0,0,3,1,0,0,0,2,0,3,0,0,0,0,0,0,0,0,9,0,2,0,1,0,0,4,0,0,0,0,0,0,0,0,0,0,0,0,9,4,0,0,0,0,0,1,0,12,0
2015-02-02,0,0,1,0,0,0,0,0,5,0,0,0,0,1,0,6,0,0,0,0,0,0,0,0,2,0,2,0,0,0,0,9,0,0,2,0,0,0,0,0,1,0,0,0,7,4,0,0,0,0,0,1,0,31,0
2015-02-03,0,0,1,0,0,0,0,0,4,0,0,0,0,1,0,1,0,0,0,0,0,0,0,0,4,0,1,0,0,0,1,6,0,0,1,0,0,0,0,0,0,0,0,0,10,6,0,0,0,0,0,2,0,18,0
2015-02-04,0,0,0,0,2,0,0,0,3,1,0,0,0,1,0,7,0,0,0,0,0,0,0,0,2,0,2,0,0,0,0,9,0,0,0,0,0,0,0,0,0,0,0,0,4,9,0,0,0,0,0,0,0,25,0
2015-02-05,0,0,0,0,0,0,0,0,1,1,0,0,0,1,0,5,0,0,0,0,0,0,0,0,1,0,2,0,0,0,0,4,0,0,0,0,0,0,0,0,0,0,0,0,3,6,0,0,0,0,0,0,0,33,0
2015-02-06,0,1,0,0,0,0,0,0,2,0,0,0,0,2,0,5,0,0,0,0,0,0,0,0,3,0,1,0,0,0,0,6,0,0,0,0,0,0,0,0,0,0,0,0,3,4,0,0,0,0,0,3,0,26,0
2015-02-07,0,0,0,0,0,0,0,0,1,1,0,0,0,0,0,2,0,0,0,0,0,0,0,0,7,0,2,0,0,0,0,4,0,0,0,0,0,0,0,0,1,0,0,0,5,5,0,0,0,0,0,0,0,27,0
2015-02-08,0,0,0,0,1,0,0,0,2,0,0,0,0,0,0,3,0,0,0,0,0,0,0,0,2,0,4,0,0,0,0,2,0,0,0,0,0,0,0,0,0,0,0,0,3,3,0,0,0,0,0,1,0,33,0
2015-02-09,0,1,0,0,0,0,0,0,2,0,0,0,0,0,0,3,0,0,0,0,0,0,0,0,1,0,5,0,0,0,1,2,0,0,0,0,0,0,0,0,1,0,0,0,5,2,0,0,0,0,0,0,0,24,0
2015-02-10,0,0,0,0,1,0,0,0,1,0,0,0,0,0,0,4,0,0,0,0,0,0,0,0,6,0,2,0,0,0,0,3,0,0,0,0,0,0,0,0,3,0,0,0,4,6,0,0,0,0,0,2,0,36,0
2015-02-11,0,0,0,0,0,0,0,0,0,0,0,0,0,1,0,2,0,0,0,0,0,0,0,0,2,0,5,0,1,0,0,1,0,0,0,0,0,0,0,0,0,0,0,0,6,6,0,0,0,0,0,2,0,16,0
2015-02-12,0,0,0,0,0,0,0,0,1,1,0,0,0,0,0,2,0,0,0,0,0,0,0,0,3,0,6,0,0,0,0,3,0,0,0,0,2,0,0,0,0,0,0,0,4,4,0,0,0,0,0,1,0,17,0
2015-02-13,0,0,1,0,1,0,0,0,0,6,0,0,0,0,0,1,0,0,0,0,0,0,0,0,6,0,1,0,1,0,0,4,0,0,0,1,0,0,0,0,0,0,0,0,10,11,0,0,0,0,0,1,0,22,0
2015-02-14,0,0,0,0,2,0,0,0,0,0,0,0,0,0,0,2,0,0,0,0,0,0,0,0,0,0,7,0,0,0,0,1,0,0,1,0,1,0,0,0,0,0,0,0,11,5,0,0,0,0,0,1,0,15,0
2015-02-15,0,0,0,0,0,0,0,0,2,1,0,0,0,1,0,1,0,0,0,0,0,0,0,0,3,0,6,0,0,0,1,11,0,0,0,0,0,0,0,0,0,0,0,0,11,5,0,0,0,0,0,0,0,15,0
2015-02-16,0,1,0,0,1,0,0,0,3,0,0,0,0,0,0,4,0,0,0,0,0,0,0,0,1,0,3,0,0,0,0,9,0,0,0,0,0,0,0,0,0,0,0,0,4,4,0,0,0,0,0,0,0,17,0
2015-02-17,0,0,0,0,6,0,0,0,1,0,0,0,0,0,0,1,0,0,0,0,0,0,0,0,6,0,2,0,0,0,0,9,0,0,0,0,0,0,0,0,1,0,0,0,2,8,0,0,0,0,0,0,0,25,0
2015-02-18,0,0,1,0,4,0,0,0,1,0,0,0,0,2,0,2,0,0,0,0,0,0,0,0,3,0,4,0,0,0,0,4,0,0,0,0,0,0,0,0,0,0,0,0,3,2,0,0,0,0,0,2,0,28,0
2015-02-19,0,0,1,0,10,0,0,0,2,0,0,0,0,0,0,3,0,0,0,0,0,0,0,0,1,0,2,0,0,0,1,5,0,0,0,1,0,0,0,0,0,0,0,0,4,6,0,0,0,0,0,0,0,22,0
2015-02-20,0,2,0,0,2,0,0,0,2,0,0,0,0,0,0,3,0,0,0,0,0,0,0,1,1,0,1,0,0,0,0,4,0,0,0,0,0,0,0,0,0,0,0,0,5,5,0,0,0,0,0,2,0,33,0
2015-02-21,0,0,0,0,2,0,0,0,3,0,0,0,0,0,0,3,0,0,0,0,0,0,0,0,2,0,0,0,0,0,1,5,0,0,1,0,0,0,0,0,1,0,0,0,3,4,0,0,0,0,0,0,0,20,0
2015-02-22,0,0,1,0,3,0,0,0,3,2,0,0,0,0,0,2,0,0,0,0,0,0,0,0,2,0,0,0,0,0,1,1,0,0,0,0,0,0,0,0,0,0,0,0,2,3,0,0,0,0,0,2,0,15,0
2015-02-23,0,0,0,0,2,0,0,0,2,3,0,0,0,0,0,9,1,0,0,0,0,0,0,0,0,0,0,0,0,0,0,3,0,0,0,0,0,0,0,0,0,0,0,0,3,6,0,0,0,0,0,0,0,13,0
2015-02-24,0,0,0,0,3,0,0,0,1,2,0,0,0,0,0,1,0,0,0,0,0,0,0,0,3,0,2,0,0,0,3,3,0,0,0,0,0,0,0,0,1,0,0,0,4,4,0,0,0,0,0,0,0,14,0
2015-02-25,0,0,0,0,0,0,0,0,3,1,0,0,0,1,0,4,0,0,0,0,0,0,0,0,1,0,2,0,0,0,0,6,0,0,0,0,0,0,0,0,0,0,0,0,4,6,0,0,0,0,0,0,0,14,0
2015-02-26,0,0,0,0,0,0,0,0,1,1,0,0,0,1,0,2,0,0,0,0,0,0,0,1,0,0,5,0,0,0,0,1,0,0,0,0,0,0,0,0,1,0,0,0,1,7,0,0,0,0,0,0,0,29,0
2015-02-27,0,0,1,0,3,0,0,0,1,0,0,0,0,2,0,5,0,0,0,0,0,0,0,0,0,0,2,0,0,0,0,2,0,0,0,0,0,0,0,0,0,0,0,0,7,13,0,0,0,0,0,0,0,18,0
2015-02-28,0,0,0,0,0,0,0,0,3,1,0,0,0,0,0,8,0,0,0,0,0,0,0,0,1,0,4,0,0,0,1,0,0,0,0,0,0,0,0,0,0,0,0,0,5,9,0,0,0,0,0,0,0,15,0
2015-03-01,0,0,1,0,1,0,0,0,1,2,0,0,0,0,0,4,0,0,0,0,0,0,0,0,1,0,2,0,2,0,1,16,0,0,0,0,0,0,0,0,1,0,0,0,3,5,0,0,0,0,0,4,0,25,0
2015-03-02,0,2,0,0,2,0,0,0,2,1,0,0,0,0,0,4,0,0,0,0,0,0,0,1,2,0,2,0,1,0,2,5,0,0,0,0,0,0,0,0,0,0,0,0,4,5,0,0,0,0,0,1,0,25,0
2015-03-03,0,0,0,0,2,0,0,0,2,1,0,0,0,0,0,2,0,0,0,0,0,0,0,0,1,0,1,0,0,0,1,11,0,0,0,0,0,0,0,0,1,0,0,0,2,5,0,0,0,0,0,0,0,30,0
2015-03-04,0,0,1,0,2,0,0,0,2,2,0,0,0,0,0,2,0,0,0,0,0,0,0,0,1,0,7,0,0,0,0,8,0,0,0,0,0,0,0,0,0,0,0,0,1,5,0,0,0,0,0,1,0,28,0
2015-03-05,0,1,0,0,3,0,0,0,4,0,0,0,0,2,0,5,0,0,0,0,0,0,0,0,2,0,5,0,1,0,0,7,0,0,0,0,0,0,0,0,0,0,0,0,5,11,0,0,0,0,0,0,0,39,0
2015-03-06,0,1,0,0,2,0,0,0,2,3,0,0,0,0,0,1,0,0,0,0,0,0,0,0,1,0,0,0,0,0,1,2,0,0,0,0,0,0,0,0,0,0,0,0,1,5,0,0,0,0,0,0,0,29,0
2015-03-07,0,0,1,0,0,0,0,0,5,2,0,0,0,1,0,11,0,0,0,0,0,0,0,0,0,0,2,0,0,0,0,5,0,0,0,0,0,0,0,0,0,0,0,0,0,8,0,0,0,0,0,0,0,23,0
2015-03-08,0,1,1,0,1,0,0,0,3,2,0,0,0,0,0,3,0,0,0,0,0,0,0,0,0,0,6,0,1,0,1,11,0,0,0,0,0,0,0,0,0,0,0,0,5,2,0,0,0,0,0,0,0,22,0
2015-03-09,0,1,0,0,1,0,0,0,4,7,0,0,0,0,0,5,1,0,0,0,0,0,0,0,1,0,1,0,0,0,0,7,0,0,0,0,0,0,0,0,0,0,0,0,4,9,0,0,0,0,0,0,0,23,0
2015-03-10,0,0,0,0,2,0,0,0,3,3,0,0,0,0,0,5,0,0,0,0,0,0,0,1,3,0,4,0,0,0,0,12,0,0,0,0,0,0,0,0,1,0,0,0,4,7,0,0,0,0,0,1,0,27,0
2015-03-11,0,0,0,0,1,0,0,0,1,1,0,0,0,0,0,6,0,0,0,0,0,0,0,0,0,0,5,0,0,0,1,14,0,0,0,0,0,0,0,0,3,0,0,0,3,6,0,0,0,0,0,2,0,15,0
2015-03-12,0,0,0,0,0,0,0,0,2,2,0,0,0,0,0,6,0,0,0,0,0,0,0,0,1,0,3,0,0,0,1,5,0,0,0,0,0,0,0,0,0,0,0,0,1,7,0,0,1,0,0,0,0,6,0
2015-03-13,0,0,0,0,0,0,0,0,1,2,0,0,0,0,0,5,0,0,0,0,0,0,0,0,2,0,1,0,0,0,1,9,0,0,0,0,0,0,0,0,0,0,0,0,4,12,0,0,0,0,0,0,0,13,0
2015-03-14,0,1,0,0,0,0,0,0,1,1,0,0,0,0,0,1,0,0,0,0,0,0,0,0,0,0,1,0,0,0,1,8,0,0,0,0,0,0,0,0,1,0,0,0,1,6,0,0,0,0,0,1,0,8,0
2015-03-15,0,0,0,0,0,0,0,0,0,1,0,0,0,0,0,10,0,0,0,0,0,0,0,0,8,0,2,0,0,0,1,5,0,0,0,0,0,0,0,0,2,0,0,0,1,5,0,0,1,0,0,3,0,14,0
2015-03-16,0,0,0,0,0,0,0,0,0,0,0,0,0,0,0,3,0,0,0,0,0,0,0,0,0,0,5,0,0,0,2,3,0,0,0,0,0,0,0,0,0,0,0,0,2,9,0,0,0,0,0,3,0,6,0
2015-03-17,0,0,0,0,0,0,0,0,1,0,0,0,0,0,0,5,0,0,0,0,0,0,0,0,0,0,6,0,0,0,1,8,0,0,0,0,0,0,0,0,0,0,0,0,2,8,0,0,0,0,0,1,0,16,0
2015-03-18,0,0,1,1,0,0,0,0,3,0,0,0,0,0,0,4,0,0,0,0,0,0,0,0,2,0,9,0,0,0,0,9,0,0,0,0,0,0,0,0,0,0,0,0,4,7,0,0,0,0,0,0,0,15,0
2015-03-19,0,1,0,0,0,0,0,0,4,2,0,0,0,0,0,4,0,0,0,0,0,0,0,0,3,0,6,0,0,0,3,12,0,0,0,0,0,0,0,0,0,0,0,0,0,5,0,0,0,0,0,1,0,12,0
2015-03-20,0,1,0,0,0,0,0,0,0,0,0,0,0,1,0,2,1,0,0,0,0,0,0,0,3,0,12,0,0,0,2,15,0,0,0,0,0,0,0,0,0,0,0,0,3,5,0,0,0,0,0,0,0,19,0
2015-03-21,0,1,1,0,0,0,0,0,4,1,0,0,0,0,0,1,0,0,0,0,0,0,0,0,2,0,7,0,0,0,0,3,0,0,0,0,0,0,0,0,0,0,0,0,5,4,0,0,0,0,0,0,0,8,0
2015-03-22,0,0,0,0,0,0,0,0,4,0,0,0,0,0,0,8,1,0,0,0,0,0,0,0,1,0,5,0,0,0,0,7,0,0,0,0,0,0,0,0,0,0,0,0,3,6,0,0,0,0,0,0,0,6,0
2015-03-23,0,0,0,0,0,0,0,0,4,5,0,0,0,0,0,1,2,0,0,0,0,0,0,0,0,0,8,0,1,0,0,4,0,0,0,0,0,0,0,0,0,0,0,0,0,12,0,0,0,0,0,3,0,9,0
2015-03-24,0,1,0,0,1,0,0,0,2,0,0,0,0,1,0,1,0,0,0,0,0,0,0,1,0,0,9,0,0,0,0,6,0,0,0,0,0,0,0,0,0,0,0,0,1,9,0,0,0,0,0,2,0,12,0
2015-03-25,0,0,0,0,0,0,0,0,1,0,0,0,0,1,0,1,2,0,0,0,0,0,0,1,1,0,9,0,1,0,0,5,0,0,0,0,0,0,0,0,0,0,0,0,1,1,0,0,0,0,0,2,0,14,0
2015-03-26,0,1,0,0,0,0,0,0,2,0,0,0,0,0,0,2,0,0,0,0,0,0,0,0,0,0,5,0,1,0,0,8,0,0,0,0,0,0,0,0,0,0,0,0,3,5,0,0,0,0,0,4,0,11,0
2015-03-27,0,1,0,0,0,0,0,0,4,0,0,0,0,0,0,1,0,0,0,0,0,0,0,0,1,0,5,0,0,0,0,8,0,0,0,0,0,0,0,0,0,0,0,0,1,4,0,0,0,0,0,3,0,15,0
2015-03-28,0,0,0,0,0,0,0,0,0,0,0,0,0,0,0,1,0,0,0,0,0,0,0,0,3,0,3,0,0,0,0,5,0,0,0,0,0,0,0,0,0,0,0,0,4,4,0,0,0,0,0,1,0,11,0
2015-03-29,0,0,0,0,0,0,0,0,1,0,0,0,0,1,0,0,0,0,0,0,0,0,0,0,5,0,0,0,1,0,1,6,0,0,0,0,0,0,0,0,0,0,0,0,1,5,0,0,0,0,0,2,0,9,0
2015-03-30,0,0,0,0,0,0,0,0,2,1,0,0,0,0,0,2,0,0,0,0,0,0,0,0,1,0,0,0,0,0,0,10,0,0,0,0,0,0,0,0,0,0,0,0,1,2,0,0,0,0,0,0,0,3,0
2015-03-31,0,1,0,0,0,0,0,0,0,1,0,0,0,0,0,1,0,0,0,0,0,0,0,0,1,0,1,0,0,0,0,7,0,0,0,0,0,0,0,0,0,0,0,0,2,4,0,0,0,0,0,1,0,5,0
2015-04-01,0,2,0,0,0,0,0,0,2,0,0,0,0,1,0,1,0,0,0,0,0,0,0,0,6,0,3,0,0,0,0,9,0,0,0,0,0,0,0,0,0,0,0,0,0,2,0,0,0,0,0,0,0,6,0
2015-04-02,0,2,0,0,0,0,0,0,0,0,0,0,0,0,0,1,0,0,0,0,0,0,0,0,1,0,1,0,0,0,0,7,0,0,0,0,0,0,0,0,0,0,0,0,0,3,0,0,0,0,0,0,0,10,0
2015-04-03,0,1,1,0,0,0,0,0,2,0,0,0,0,0,0,5,0,0,0,0,0,0,0,0,4,0,2,0,0,0,1,3,0,0,0,0,0,0,0,0,0,0,0,0,1,4,0,0,0,0,0,2,0,5,0
2015-04-04,0,0,0,0,0,0,0,0,0,0,0,0,0,0,0,4,0,0,0,0,0,0,0,0,4,0,0,0,0,0,0,2,0,0,0,0,0,0,0,0,0,0,0,0,2,5,0,0,0,0,0,0,0,13,0
2015-04-05,0,0,0,0,0,0,0,0,0,0,0,0,0,0,0,0,1,0,0,0,0,0,0,0,1,0,4,0,0,0,0,4,0,0,0,0,0,0,0,0,0,0,0,0,1,3,0,0,0,0,0,2,0,6,0
2015-04-06,0,0,0,0,0,0,0,0,0,0,0,0,0,0,0,2,0,0,0,0,0,0,0,0,0,0,1,0,0,0,2,7,0,0,0,0,0,0,0,0,0,0,0,0,0,11,0,0,0,0,0,0,0,3,0
2015-04-07,0,0,0,0,0,0,0,0,1,2,0,0,0,0,0,1,0,0,0,0,0,0,0,0,2,0,1,0,1,0,0,5,0,0,0,0,0,0,0,0,0,0,0,0,2,2,0,0,0,0,0,0,0,8,0
2015-04-08,0,0,0,0,0,0,0,0,0,0,0,0,0,0,0,2,0,0,0,0,0,0,0,0,2,0,2,0,0,0,1,4,0,0,0,0,0,0,0,0,0,0,0,0,3,4,0,0,0,0,0,0,0,10,0
2015-04-09,0,2,0,0,0,0,0,0,2,1,0,0,0,1,0,1,0,0,0,0,0,0,0,1,5,0,0,0,0,0,3,4,0,0,0,0,0,0,0,0,0,0,0,0,0,4,0,0,0,0,0,0,0,7,0
2015-04-10,0,1,1,0,0,0,0,0,2,0,0,0,0,0,0,7,0,0,0,0,0,0,0,0,2,0,0,0,0,0,2,6,0,0,0,0,0,0,0,0,0,0,0,0,0,3,0,0,0,0,0,3,0,8,0
2015-04-11,0,1,0,0,0,0,0,0,0,0,0,0,0,0,0,1,1,0,0,0,0,0,0,0,0,0,2,0,0,0,1,5,0,0,0,0,0,0,0,0,0,0,0,0,1,6,0,0,0,0,0,0,0,3,0
2015-04-12,0,0,0,0,0,0,0,0,0,0,0,0,0,0,0,1,0,0,0,0,0,0,0,0,1,0,2,0,0,0,2,4,0,0,0,0,0,0,0,0,0,0,0,0,3,8,0,0,0,0,0,0,0,3,0
2015-04-13,0,0,0,0,0,0,0,0,0,0,0,0,0,0,0,0,1,0,0,0,0,0,0,0,2,0,1,0,0,0,0,1,0,0,0,0,0,0,0,0,0,0,0,0,2,4,0,0,0,0,0,0,0,6,0
2015-04-14,0,0,0,0,0,0,0,0,0,0,0,0,0,0,0,0,0,0,0,0,0,0,0,0,2,0,5,0,0,0,1,4,0,0,0,0,0,0,0,0,0,0,0,0,0,6,0,0,0,0,0,0,0,7,0
2015-04-15,0,0,0,0,0,0,0,0,0,0,0,0,0,0,0,6,0,0,0,0,0,0,0,0,1,0,2,0,0,0,1,3,0,0,0,0,0,0,0,0,0,0,0,0,1,3,0,0,0,0,0,2,0,6,0
2015-04-16,0,1,0,0,0,0,0,0,1,0,0,0,0,0,0,2,0,0,0,0,0,0,0,0,5,0,0,0,0,0,1,3,0,0,0,0,0,0,0,0,0,0,0,0,1,4,0,0,0,0,0,1,0,1,0
2015-04-17,0,2,0,0,0,0,0,0,0,0,0,0,0,0,0,2,1,0,0,0,0,0,0,0,6,0,1,0,0,0,0,3,0,0,0,0,0,0,0,0,0,0,0,0,1,7,0,0,0,0,0,3,0,7,0
2015-04-18,0,0,0,0,0,0,0,0,0,0,0,0,0,0,0,3,0,0,0,0,0,0,0,0,2,0,1,0,1,0,0,5,0,0,0,0,0,0,0,0,0,0,0,0,2,5,0,0,0,0,0,2,0,4,0
2015-04-19,0,0,0,0,0,0,0,0,0,0,0,0,0,0,0,4,0,0,0,0,0,0,0,0,1,0,0,0,0,0,1,3,0,0,0,0,0,0,0,0,0,0,0,0,0,14,0,0,0,0,0,3,0,5,0
2015-04-20,0,3,0,0,0,0,0,0,0,0,0,0,0,0,0,1,0,0,0,0,0,0,0,0,4,0,2,0,0,0,0,8,0,0,0,0,0,0,0,0,0,0,0,0,0,7,0,0,0,0,0,10,0,14,0
2015-04-21,0,3,0,0,0,0,0,0,0,0,0,0,0,2,0,3,0,0,0,0,0,0,0,0,0,0,0,0,0,0,0,2,0,0,0,0,0,0,0,0,0,0,0,0,0,8,0,0,0,0,0,3,0,2,0
2015-04-22,0,2,0,1,0,0,0,1,0,0,0,0,0,0,0,1,0,0,0,0,0,0,0,0,1,0,2,0,0,0,1,14,0,0,0,0,0,0,0,0,1,0,0,0,0,8,0,0,0,0,0,4,0,3,0
2015-04-23,0,1,0,0,0,0,0,0,0,0,0,0,0,0,0,1,0,0,0,0,0,0,0,0,2,0,2,0,0,0,1,8,0,0,0,0,0,0,0,0,0,0,0,0,0,3,0,0,0,0,0,3,0,7,0
2015-04-24,0,1,0,0,1,0,0,0,0,0,0,0,0,0,0,2,0,0,0,0,0,0,0,0,2,0,0,0,0,0,0,7,0,0,0,0,0,0,0,0,0,0,0,0,1,8,0,0,0,0,0,2,0,5,0
2015-04-25,0,0,0,0,0,0,0,0,0,0,0,0,0,0,0,2,0,0,0,0,0,0,0,0,0,0,1,0,0,0,0,3,0,0,0,0,0,0,0,0,0,0,0,0,2,8,0,0,0,0,0,1,0,8,0
2015-04-26,0,1,0,0,0,0,0,0,0,0,0,0,0,0,0,0,0,0,0,0,0,0,0,0,1,0,4,0,0,0,3,4,0,0,0,0,0,0,0,0,0,0,0,0,0,10,0,0,0,0,0,4,0,2,0
2015-04-27,0,0,0,0,0,0,0,0,0,0,0,0,0,0,0,2,0,0,0,0,0,0,0,0,0,0,2,0,0,0,0,2,0,0,0,0,0,0,0,0,0,0,0,0,1,7,0,0,0,0,0,2,0,4,0
2015-04-28,0,2,0,0,0,0,0,0,0,0,0,0,0,0,0,0,0,0,0,0,0,0,0,0,1,0,6,0,0,0,0,3,0,0,0,0,0,0,0,0,0,0,0,0,2,5,0,0,0,0,0,2,0,4,0
2015-04-29,0,0,0,0,0,0,0,0,0,0,0,0,0,0,0,0,0,0,0,0,0,0,0,0,1,0,4,0,0,0,0,5,0,0,0,0,0,0,0,0,0,0,0,0,2,5,0,0,0,0,0,3,0,9,0
2015-04-30,0,0,0,0,0,0,0,0,0,0,0,0,0,1,0,4,0,0,0,0,0,0,0,0,0,0,1,0,0,0,1,1,0,0,0,0,0,0,0,0,0,0,0,0,2,3,0,0,0,0,0,6,0,7,0
2015-05-01,0,1,0,0,0,0,0,0,0,0,0,0,0,0,0,0,0,0,0,0,0,0,0,0,0,0,6,0,0,0,1,0,0,0,0,0,0,0,0,0,0,0,0,0,1,9,0,0,0,0,0,2,0,8,0
2015-05-02,0,0,0,0,0,0,0,0,0,0,0,0,0,0,0,0,0,0,0,0,0,0,0,0,2,0,1,0,0,0,3,1,0,0,0,0,0,0,0,0,0,0,0,0,6,6,0,0,0,0,0,2,0,2,0
2015-05-03,0,2,0,0,0,0,0,0,0,0,0,0,0,0,0,0,0,0,0,0,0,0,0,0,3,0,4,0,0,0,1,0,0,0,0,0,0,0,0,0,0,0,0,0,4,5,0,0,0,0,0,1,0,6,0
2015-05-04,0,0,0,0,0,0,0,0,0,0,0,0,0,0,0,5,0,0,0,0,0,0,0,0,5,0,5,0,0,0,4,1,0,0,0,0,0,0,0,0,0,0,0,0,0,8,0,0,0,0,0,1,0,4,0
2015-05-05,0,0,0,0,0,0,0,0,0,0,0,0,0,0,0,1,0,0,0,0,0,0,0,0,2,0,3,0,0,0,1,0,0,0,0,0,0,0,0,0,0,0,0,0,0,6,0,0,0,0,0,3,0,5,0
2015-05-06,0,1,0,1,0,0,0,0,0,0,0,0,0,2,0,0,0,0,0,0,0,0,0,0,0,0,1,0,0,0,3,0,0,0,0,0,0,0,0,0,0,0,0,0,1,7,0,0,0,0,0,2,0,4,0
2015-05-07,0,0,0,3,0,0,0,0,0,0,0,0,0,1,0,0,0,0,0,0,0,0,0,0,1,0,3,0,0,0,3,0,0,0,0,0,0,0,0,0,0,0,0,0,2,11,0,0,0,0,0,2,0,3,0
2015-05-08,0,1,0,1,0,0,0,0,0,0,0,0,0,1,0,1,0,0,0,0,0,0,0,0,0,0,6,0,0,0,1,0,0,0,0,0,0,0,0,0,1,0,0,0,0,9,0,0,0,0,0,5,0,4,0
2015-05-09,0,0,0,1,0,0,0,0,0,0,0,0,0,3,0,2,0,0,0,0,0,0,0,0,0,0,2,0,0,0,1,0,0,0,0,0,0,0,0,0,0,0,0,0,0,5,0,0,0,0,0,6,0,6,0
2015-05-10,0,2,0,0,0,0,0,0,0,0,0,0,0,3,0,1,0,0,0,0,0,0,0,0,1,0,2,0,0,0,4,0,0,0,0,0,0,0,0,0,0,0,0,0,1,6,0,0,0,0,0,4,0,7,0
2015-05-11,0,2,0,1,0,0,0,0,0,0,0,0,0,1,0,1,0,0,0,0,0,0,0,0,1,0,2,0,0,0,6,0,0,0,0,0,0,0,0,0,0,0,0,0,0,6,0,0,0,0,0,2,0,2,0
2015-05-12,0,0,0,0,0,0,0,0,0,0,0,0,0,1,0,0,0,0,0,0,0,0,0,0,0,0,0,0,0,0,3,0,0,0,0,0,0,0,0,0,0,0,0,0,1,11,0,0,0,0,0,0,0,4,0
2015-05-13,0,1,0,0,0,0,0,0,0,0,0,0,0,0,0,0,0,0,0,0,0,0,0,0,0,0,0,0,0,0,3,1,0,0,0,0,0,0,0,0,1,0,0,0,2,8,0,0,0,0,0,4,0,3,0
2015-05-14,0,0,0,0,0,0,0,0,0,0,0,0,0,0,0,3,0,0,0,0,0,0,0,0,0,0,2,0,0,0,2,0,0,0,0,0,0,0,0,0,1,0,0,0,3,5,0,0,0,0,0,5,0,8,0
2015-05-15,0,3,0,0,0,0,0,0,0,0,0,0,0,0,0,2,0,0,0,0,0,0,0,0,1,0,5,0,0,0,5,0,0,0,0,0,0,0,0,0,0,0,0,0,4,2,0,0,0,0,0,2,0,17,0
2015-05-16,0,0,0,0,1,0,0,0,0,0,0,0,0,0,0,2,0,0,0,0,0,0,0,0,0,0,4,0,0,0,0,2,0,0,0,0,0,0,0,0,0,0,0,0,1,9,0,0,0,0,0,2,0,10,0
2015-05-17,0,1,0,0,0,0,0,0,0,0,0,0,0,0,0,0,0,0,0,0,0,0,0,0,1,0,3,0,0,0,2,0,0,0,0,0,0,0,0,0,0,0,0,0,1,13,0,0,0,0,0,4,0,10,0
2015-05-18,0,2,0,0,0,0,0,0,0,0,0,0,0,1,0,0,1,0,0,0,0,0,0,0,2,0,3,0,0,0,1,1,0,0,0,0,0,0,0,0,0,0,0,0,1,3,0,0,0,0,0,4,0,5,0
2015-05-19,0,1,0,0,0,0,0,0,0,0,0,0,0,0,0,2,0,0,0,0,0,0,0,0,0,0,4,0,0,0,2,0,0,0,0,0,0,0,0,0,0,0,0,0,7,3,0,0,0,0,0,2,0,12,0
2015-05-20,0,5,0,0,0,0,0,0,0,0,0,0,0,0,0,0,0,0,0,0,0,0,0,0,0,0,5,0,0,0,9,0,0,0,0,0,0,0,0,0,0,0,0,0,5,4,0,0,0,0,0,14,0,15,0
2015-05-21,0,1,0,0,0,0,0,0,0,0,0,0,0,0,0,1,0,0,0,0,0,0,0,0,1,0,4,0,0,0,2,1,0,0,0,0,0,0,0,0,0,0,0,0,3,7,0,0,0,0,0,4,0,12,0
2015-05-22,0,0,0,0,0,0,0,0,0,0,0,0,0,0,0,2,0,0,0,0,0,0,0,0,2,0,3,0,0,0,0,1,0,0,0,0,0,0,0,0,0,0,0,0,0,2,0,0,0,0,0,5,0,8,0
2015-05-23,0,2,0,2,0,0,0,0,0,0,0,0,0,0,0,1,0,0,0,0,0,0,0,0,0,0,3,0,0,0,0,0,0,0,0,0,0,0,0,0,0,0,0,0,1,9,0,0,0,0,0,3,0,8,0
2015-05-24,0,1,0,0,0,0,0,0,0,0,0,0,0,1,0,1,0,0,0,0,0,0,0,0,2,0,1,0,0,0,0,0,0,0,0,0,0,0,0,0,0,0,0,0,1,10,0,0,0,0,0,1,0,9,0
2015-05-25,0,0,0,0,0,0,0,0,0,0,0,0,0,0,0,1,0,0,0,0,0,0,0,0,0,0,4,0,0,0,0,0,0,0,0,0,0,0,0,0,0,0,0,0,2,1,0,0,0,0,0,4,0,17,0
2015-05-26,0,2,0,0,0,0,0,0,0,0,0,0,0,1,0,0,0,0,0,0,0,0,0,0,2,0,1,0,0,0,0,0,0,0,0,0,0,0,0,0,0,0,0,0,6,20,0,0,0,0,0,3,0,12,0
2015-05-27,0,2,0,0,0,0,0,0,0,0,0,0,0,1,0,1,0,0,0,0,0,0,0,0,1,0,2,0,0,0,0,0,0,0,0,0,0,0,0,0,0,0,0,0,5,30,0,0,0,0,0,3,0,15,0
2015-05-28,0,2,0,0,0,0,0,0,0,0,0,0,0,1,0,0,0,0,0,0,0,0,0,0,1,0,1,0,0,0,0,1,0,0,0,0,0,0,0,0,0,0,0,0,2,11,0,0,0,0,0,1,0,13,0
2015-05-29,0,0,0,0,0,0,0,0,0,0,0,0,0,0,0,0,0,0,0,0,0,0,0,0,2,0,0,0,0,0,0,2,0,0,0,0,0,0,0,0,0,0,0,0,2,5,0,0,0,0,0,1,0,4,0
2015-05-30,0,2,0,0,0,0,0,0,0,0,0,0,0,0,0,0,0,0,0,0,0,0,0,0,1,0,1,0,0,0,0,0,0,0,0,0,0,0,0,0,0,0,0,0,1,1,0,0,0,0,0,2,0,14,0
2015-05-31,0,2,0,1,0,0,0,0,0,0,0,0,0,1,0,0,0,0,0,0,0,0,0,0,0,0,1,0,0,0,0,1,0,0,0,0,0,0,0,0,0,0,0,0,1,1,0,0,0,0,0,2,0,8,0
2015-06-01,0,1,0,0,0,0,0,0,0,0,0,0,0,1,0,2,0,0,0,0,0,0,0,0,3,0,0,0,0,0,0,3,0,0,0,0,0,0,0,0,0,0,0,0,3,5,0,0,0,0,0,5,0,6,0
2015-06-02,0,8,0,0,0,0,0,0,0,0,0,0,0,0,0,1,0,0,0,0,0,0,0,0,2,0,0,0,0,0,0,1,0,0,0,0,0,0,0,0,0,0,0,0,2,3,0,0,0,0,0,3,0,5,0
2015-06-03,0,3,0,2,0,0,0,0,0,0,0,0,0,0,0,3,0,0,0,0,0,0,0,0,10,0,0,0,0,0,0,0,0,0,0,0,0,0,0,0,0,0,0,0,4,12,0,0,0,0,0,2,0,7,0
2015-06-04,0,7,0,0,0,0,0,0,1,0,0,0,0,1,0,1,0,0,0,0,0,0,0,0,0,0,2,0,0,0,0,1,0,0,0,0,0,0,0,0,0,0,0,0,3,16,0,0,0,0,0,4,0,8,0
2015-06-05,0,11,0,0,0,0,0,0,2,0,0,0,0,0,0,3,0,0,0,0,0,0,0,0,3,0,2,0,0,0,0,1,0,0,0,0,0,0,0,0,0,0,0,0,3,17,0,0,0,0,0,3,0,8,0
2015-06-06,0,3,0,0,1,0,0,0,0,0,0,0,0,0,0,1,0,0,0,0,0,0,0,0,11,0,0,0,0,0,0,1,0,0,0,0,0,0,0,0,0,0,0,0,2,29,0,0,0,0,0,3,0,11,0
2015-06-07,0,3,0,0,0,0,0,0,0,0,0,0,0,0,0,0,0,0,0,0,0,0,0,0,4,0,0,0,0,0,0,2,0,0,0,0,0,0,0,0,0,0,0,0,3,7,0,0,0,0,0,4,0,4,0
2015-06-08,0,2,0,0,0,0,0,0,0,0,0,0,0,0,0,0,0,0,0,0,0,0,0,0,0,0,0,0,0,0,0,1,0,0,0,0,0,0,0,0,0,0,0,0,4,8,0,0,0,0,0,1,0,6,0
2015-06-09,0,1,0,0,1,0,0,0,0,0,0,0,0,0,0,1,0,0,0,0,0,0,0,0,1,0,2,0,0,0,0,2,0,0,0,0,0,0,0,0,0,0,0,0,3,9,0,0,0,0,0,0,0,10,0
2015-06-10,0,6,0,0,0,0,0,0,0,0,0,0,0,2,0,3,0,0,0,0,0,0,0,0,1,0,1,0,0,0,0,5,0,0,0,0,0,0,0,0,0,0,0,0,2,13,0,0,0,0,0,2,0,8,0
2015-06-11,0,1,0,0,0,0,0,0,0,0,0,0,0,1,0,0,0,0,0,0,0,0,0,0,2,0,1,0,0,0,0,2,0,0,0,0,0,0,0,0,0,0,0,0,3,6,0,0,0,0,0,0,0,22,0
2015-06-12,0,3,0,0,0,0,0,0,0,0,0,0,0,0,0,1,0,0,0,0,0,0,0,0,2,0,2,0,0,0,0,3,0,0,0,0,0,0,0,0,0,0,0,0,2,3,0,0,0,0,0,0,0,11,0
2015-06-13,0,2,0,0,0,0,0,0,1,0,0,0,0,1,0,0,0,0,0,0,0,0,0,0,0,0,3,0,0,0,0,3,0,0,0,0,0,0,0,0,0,0,0,0,2,12,0,0,0,0,0,0,0,13,0
2015-06-14,0,1,0,0,0,0,0,0,0,0,0,0,0,0,0,1,0,0,0,0,0,0,0,0,1,0,1,0,0,0,0,2,0,0,0,0,0,0,0,0,0,0,0,0,3,7,0,0,0,0,0,2,0,11,0
2015-06-15,0,6,0,1,0,0,0,0,1,0,0,0,0,0,0,0,0,0,0,0,0,0,0,0,0,0,3,0,0,0,0,1,0,0,0,0,0,0,0,0,0,0,0,0,9,7,0,0,0,0,0,3,0,12,0
2015-06-16,0,5,0,5,0,0,0,0,1,0,0,0,0,0,0,2,0,0,0,0,0,0,0,0,0,0,5,0,0,0,0,3,0,0,0,0,0,0,0,0,0,0,0,0,2,0,0,0,0,0,0,0,0,7,0
2015-06-17,0,3,0,1,0,0,0,0,0,0,0,0,0,0,0,1,0,0,0,0,0,0,0,0,1,0,1,0,0,0,0,1,0,0,0,0,0,0,0,0,0,0,0,0,1,0,0,0,0,0,0,1,0,12,0
2015-06-18,0,5,0,2,0,0,0,0,0,0,0,0,0,0,0,0,0,0,0,0,0,0,0,0,0,0,5,0,0,0,0,2,0,0,0,0,0,0,0,0,0,0,0,0,3,0,0,0,0,0,0,0,0,14,0
2015-06-19,0,5,0,3,0,0,0,0,0,0,0,0,0,0,0,0,0,0,0,0,0,0,0,0,2,0,4,0,0,0,0,1,0,0,0,0,0,0,0,0,0,0,0,0,5,0,0,0,0,0,0,2,0,23,0
2015-06-20,0,9,0,0,0,0,0,0,0,0,0,0,0,0,0,0,0,0,0,0,0,0,0,0,1,0,2,0,0,0,0,4,0,0,0,0,0,0,0,0,0,0,0,0,1,0,0,0,0,0,0,2,0,35,0
2015-06-21,0,3,0,1,0,0,0,0,0,0,0,0,0,0,0,1,0,0,0,0,0,0,0,0,1,0,2,0,0,0,0,2,0,0,0,0,0,0,0,0,0,0,0,0,1,0,0,0,0,0,0,1,0,23,0
2015-06-22,0,2,0,1,0,0,0,0,1,0,0,0,0,0,0,0,0,0,0,0,0,0,0,0,0,0,3,0,0,0,0,1,0,0,0,0,0,0,0,0,0,0,0,0,1,0,0,0,0,0,0,2,0,10,0
2015-06-23,0,2,0,0,0,0,0,0,0,0,0,0,0,0,0,0,0,0,0,0,0,0,0,0,1,0,1,0,0,0,0,3,0,0,0,0,0,0,0,0,0,0,0,0,2,0,0,0,0,0,0,1,0,9,0
2015-06-24,0,15,0,0,0,0,0,0,0,0,0,0,0,0,0,2,0,0,0,0,0,0,0,0,3,0,0,0,0,0,0,1,0,0,0,0,0,0,0,0,0,0,0,0,1,0,0,0,0,0,0,3,0,7,0
2015-06-25,0,4,0,0,0,0,0,0,0,0,0,0,0,0,0,1,0,0,0,0,0,0,0,0,0,0,1,0,0,0,0,0,0,0,0,0,0,0,0,0,0,0,0,0,2,0,0,0,0,0,0,1,0,4,0
2015-06-26,0,2,0,1,0,0,0,0,1,0,0,0,0,0,0,3,0,0,0,0,0,0,0,0,2,0,0,0,0,0,0,1,0,0,0,0,0,0,0,0,1,0,0,0,2,0,0,0,0,0,0,1,0,6,0
2015-06-27,0,1,0,3,0,0,0,0,0,0,0,0,0,0,0,0,0,0,0,0,0,0,0,0,6,0,0,0,0,0,0,3,0,0,0,0,0,0,0,0,0,0,0,0,0,0,0,0,0,0,0,1,0,3,0
2015-06-28,0,4,0,1,0,0,0,0,0,0,0,0,0,0,0,1,0,0,0,0,0,0,0,0,0,0,0,0,0,0,0,3,0,0,0,0,0,0,0,0,0,0,0,0,1,0,0,0,0,0,0,1,0,8,0
2015-06-29,0,2,0,2,0,0,0,0,0,0,0,0,0,0,0,2,0,0,0,0,0,0,0,0,2,0,0,0,0,0,0,1,0,0,0,0,0,0,0,0,0,0,0,0,0,0,0,0,0,0,0,2,0,5,0
2015-06-30,0,0,0,0,0,0,0,0,0,0,0,0,0,0,0,1,0,0,0,0,0,0,0,0,2,0,0,0,0,0,0,2,0,0,0,0,0,0,0,0,0,0,0,0,0,0,0,0,0,0,0,2,0,6,0
2015-07-01,0,4,0,0,0,0,0,0,2,0,0,0,0,0,0,2,0,0,0,0,0,0,0,0,0,0,0,0,0,0,0,3,0,0,0,0,0,0,0,0,0,0,0,0,2,0,0,0,0,0,0,4,0,9,0
2015-07-02,0,1,0,0,0,0,0,0,3,0,0,0,0,0,0,0,0,0,0,0,0,0,0,0,1,0,0,0,0,0,0,5,0,0,0,0,0,0,0,0,0,0,0,0,1,0,0,0,0,0,0,6,0,3,0
2015-07-03,0,0,0,0,0,0,0,0,1,0,0,0,0,0,0,0,0,0,0,0,0,0,0,0,1,0,1,0,0,0,0,2,0,0,0,0,0,0,0,0,0,0,0,0,5,0,0,0,0,0,0,1,0,9,0
2015-07-04,0,1,0,0,0,0,0,1,0,0,0,0,0,0,0,0,0,0,0,0,0,0,0,0,0,0,0,0,0,0,0,2,0,0,0,0,0,0,0,0,0,0,0,0,2,0,0,0,0,0,0,5,0,8,0
2015-07-05,0,1,0,0,0,0,0,0,0,0,0,0,0,0,0,0,0,0,0,0,0,0,0,0,2,0,1,0,0,0,0,3,0,0,0,0,0,0,0,0,0,0,0,0,6,0,0,0,0,0,0,3,0,2,0
2015-07-06,0,0,0,0,0,0,0,0,0,0,0,0,0,0,0,1,0,0,0,0,0,0,0,0,2,0,0,0,0,0,0,2,0,0,0,0,0,0,0,0,0,0,0,0,1,0,0,0,0,0,0,4,0,6,0
2015-07-07,0,0,0,0,0,0,0,0,1,0,0,0,0,0,0,1,0,0,0,0,0,0,0,0,2,0,0,0,0,0,0,8,0,0,0,0,0,0,0,0,0,0,0,0,3,0,0,0,0,0,0,5,0,5,0
2015-07-08,0,0,0,0,0,0,0,0,1,0,0,0,0,0,0,0,1,0,0,0,0,0,0,0,1,0,1,0,0,0,0,2,0,0,0,0,0,0,0,0,0,0,0,0,5,0,0,0,0,0,0,1,0,5,0
2015-07-09,0,3,0,0,0,0,0,0,2,0,0,0,0,0,0,0,0,0,0,0,0,0,0,0,0,0,0,0,0,0,0,7,0,0,0,0,0,0,0,0,0,0,0,0,7,0,0,0,0,0,0,1,0,7,0
2015-07-10,0,0,0,0,0,0,0,0,1,0,0,0,0,0,0,3,0,0,0,0,0,0,0,0,0,0,1,0,0,0,0,9,0,0,0,0,0,0,0,0,0,0,0,0,2,0,0,0,0,0,0,2,0,7,0
2015-07-11,0,1,0,0,0,0,0,0,2,0,0,0,0,0,0,1,0,0,0,0,0,0,0,0,1,0,0,0,0,0,0,5,0,0,0,0,0,0,0,0,0,0,0,0,5,0,0,0,0,0,0,3,0,3,0
2015-07-12,0,2,0,0,0,0,0,0,2,0,0,0,0,0,0,0,0,0,0,0,0,0,0,0,2,0,0,0,0,0,0,12,0,0,0,0,0,0,0,0,0,0,0,0,1,0,0,0,0,0,0,2,0,7,0
2015-07-13,0,1,0,0,0,0,0,0,1,1,0,0,0,0,0,1,0,0,0,0,0,0,0,0,4,0,0,0,0,0,0,4,0,0,0,0,0,0,0,0,0,0,0,0,2,0,0,0,0,0,0,2,0,8,0
2015-07-14,0,1,0,0,0,0,0,0,2,0,0,0,0,0,0,2,0,0,0,0,0,0,0,0,5,0,0,0,0,0,0,13,0,0,0,0,0,0,0,0,0,0,0,0,1,0,0,0,0,0,0,0,0,5,0
2015-07-15,0,1,0,0,0,0,0,0,3,1,0,0,0,0,0,0,0,0,0,0,0,0,0,0,1,0,0,0,0,0,0,21,0,0,0,0,0,0,0,0,0,0,0,0,0,0,0,0,0,0,0,3,0,3,0
2015-07-16,0,3,0,0,0,0,0,0,1,0,0,0,0,0,0,0,0,0,0,0,0,0,0,0,0,0,0,0,0,0,0,11,0,0,0,0,0,0,0,0,0,0,0,0,3,0,0,0,0,0,0,2,0,3,0
2015-07-17,0,0,0,0,0,0,0,0,0,0,0,0,0,0,0,0,0,0,0,0,0,0,0,0,1,0,0,0,0,0,0,13,0,0,0,0,0,0,0,0,0,0,0,0,0,0,0,0,0,0,0,2,0,4,0
2015-07-18,0,2,0,0,0,0,0,0,0,0,0,0,0,0,0,0,0,0,0,0,0,0,0,0,1,0,0,0,0,0,0,16,0,0,0,0,0,0,0,0,0,0,0,0,2,0,0,0,0,0,0,1,0,3,0
2015-07-19,0,1,0,0,0,0,0,0,1,0,0,0,0,0,0,0,0,0,0,0,0,0,0,0,0,0,0,0,0,0,0,10,0,0,0,0,0,0,0,0,0,0,0,0,2,0,0,0,0,0,0,2,0,1,0
2015-07-20,0,6,0,0,0,0,0,0,0,1,0,0,0,0,0,0,0,0,0,0,0,0,0,0,0,0,0,0,0,0,0,18,0,0,0,0,0,0,0,0,0,0,0,0,3,0,0,0,0,0,0,8,0,4,0
2015-07-21,0,0,0,0,0,0,0,0,0,0,0,0,0,0,0,0,0,0,0,0,0,0,0,0,0,0,0,0,0,0,0,18,0,0,0,0,0,0,0,0,0,0,0,0,8,0,0,0,0,0,0,3,0,3,0
2015-07-22,0,3,0,0,0,0,0,0,0,0,0,0,0,0,0,0,0,0,0,0,0,0,0,0,2,0,0,0,0,0,0,14,0,0,0,0,0,0,0,0,0,0,0,0,1,0,0,0,0,0,0,1,0,5,0
2015-07-23,0,9,0,0,0,0,0,0,0,0,0,0,0,0,0,0,0,0,0,0,0,0,0,0,1,0,0,0,0,0,0,14,0,0,0,0,0,0,0,0,0,0,0,0,1,0,0,0,0,0,0,2,0,5,0
2015-07-24,0,1,0,0,0,0,0,0,0,0,0,0,0,0,0,0,0,0,0,0,0,0,0,0,0,0,0,0,0,0,0,8,0,0,0,0,0,0,0,0,0,0,0,0,1,0,0,0,0,0,0,3,0,7,0
2015-07-25,0,1,0,0,0,0,0,0,1,0,0,0,0,0,0,0,0,0,0,0,0,0,0,0,2,0,0,0,0,0,0,19,0,0,0,0,0,0,0,0,0,0,0,0,1,0,0,0,0,0,0,4,0,6,0
2015-07-26,0,2,0,0,0,0,0,0,1,0,0,0,0,0,0,0,0,0,0,0,0,0,0,0,0,0,0,0,0,0,0,6,0,0,0,0,0,0,0,0,0,0,0,0,1,0,0,0,0,0,0,6,0,6,0
2015-07-27,0,1,0,0,0,0,0,0,1,0,0,0,0,0,0,0,0,0,0,0,0,0,0,0,2,0,0,0,0,0,0,13,0,0,0,0,0,0,0,0,0,0,0,0,1,0,0,0,0,0,0,5,0,11,0
2015-07-28,0,1,0,0,0,0,0,0,0,0,0,0,0,0,0,0,0,0,0,0,0,0,0,0,0,0,0,0,0,0,0,10,0,0,0,0,0,0,0,0,0,0,0,0,0,0,0,0,0,0,0,2,0,10,0
2015-07-29,0,4,0,0,0,0,0,0,0,0,0,0,0,0,0,0,0,0,0,0,0,0,0,0,1,0,0,0,0,0,0,11,0,0,0,0,0,0,0,0,0,0,0,0,3,0,0,0,0,0,0,1,0,2,0
2015-07-30,0,5,0,0,0,0,0,0,0,0,0,0,0,0,0,0,0,0,0,0,0,0,0,0,1,0,0,0,0,0,0,21,0,0,0,0,0,0,0,0,0,0,0,0,0,0,0,0,0,0,0,1,0,8,0
2015-07-31,0,0,0,0,0,0,0,0,0,0,0,0,0,0,0,1,0,0,0,0,0,0,0,0,0,0,0,0,0,0,0,14,0,0,0,0,0,0,0,0,1,0,0,0,1,0,0,0,0,0,0,1,0,4,0
2015-08-01,0,1,0,0,0,0,0,0,0,0,0,0,0,0,0,0,0,0,0,0,0,0,0,0,1,0,0,0,0,0,0,14,0,0,0,0,0,0,0,0,0,0,0,0,0,0,0,0,0,0,0,1,0,5,0
2015-08-02,0,0,0,0,0,0,0,0,0,0,0,0,0,0,0,0,0,0,0,0,0,0,0,0,0,0,0,0,0,0,0,10,0,0,0,0,0,0,0,0,0,0,0,0,0,0,0,0,0,0,0,0,0,6,0
2015-08-03,0,2,0,0,0,0,0,0,0,0,0,0,0,0,0,0,0,0,0,0,0,0,0,0,0,0,0,0,0,0,0,9,0,0,0,0,0,0,0,0,0,0,0,0,0,0,0,0,0,0,0,0,0,3,0
2015-08-04,0,2,0,0,0,0,0,0,0,0,0,0,0,0,0,0,0,0,0,0,0,0,0,0,1,0,0,0,0,0,0,16,0,0,0,0,0,0,0,0,0,0,0,0,3,0,0,0,0,0,0,0,0,3,0
2015-08-05,0,0,0,0,0,0,0,0,0,0,0,0,0,0,0,0,0,0,0,0,0,0,0,0,0,0,0,0,0,0,0,21,0,0,0,0,0,0,0,0,0,0,0,0,0,0,0,0,0,0,0,0,0,3,0
2015-08-06,0,3,0,0,0,0,0,0,0,0,0,0,0,0,0,0,0,0,0,0,0,0,0,0,1,0,0,0,0,0,0,15,0,0,0,0,0,0,0,0,0,0,0,0,1,0,0,0,0,0,0,1,0,6,0
2015-08-07,0,1,0,0,0,0,0,0,0,0,0,0,0,0,0,0,0,0,0,0,0,0,0,0,2,0,0,0,0,0,0,18,0,0,0,0,0,0,0,0,0,0,0,0,2,0,0,0,0,0,0,1,0,4,0
2015-08-08,0,0,0,0,0,0,0,0,0,0,0,0,0,0,0,0,0,0,0,0,0,0,0,0,0,0,0,0,0,0,0,19,0,0,0,0,0,0,0,0,0,0,0,0,0,0,0,0,0,0,0,2,0,0,0
2015-08-09,0,3,0,0,0,0,0,0,0,0,0,0,0,0,0,0,0,0,0,0,0,0,0,0,0,0,0,0,0,0,0,17,0,0,0,0,0,0,0,0,0,0,0,0,3,0,0,0,0,0,0,0,0,5,0
2015-08-10,0,7,0,0,0,0,0,0,2,0,0,0,0,0,0,0,0,0,0,0,0,0,0,0,1,0,0,0,0,0,0,20,0,0,0,0,0,0,0,0,0,0,0,0,4,0,0,0,0,0,0,1,0,7,0
2015-08-11,0,1,0,0,0,0,0,0,0,0,0,0,0,0,0,0,0,0,0,0,0,0,0,0,1,0,0,0,0,0,0,13,0,0,0,0,0,0,0,0,0,0,0,0,1,0,0,0,0,0,0,2,0,4,0
2015-08-12,0,3,0,0,0,0,0,0,1,0,0,0,0,0,0,1,0,0,0,0,0,0,0,0,1,0,0,0,0,0,0,9,0,0,0,0,0,0,0,0,0,0,0,0,0,0,0,0,0,0,0,2,0,5,0
2015-08-13,0,1,0,0,0,0,0,0,2,0,0,0,0,0,0,0,0,0,0,0,0,0,0,0,2,0,0,0,0,0,0,9,0,0,0,0,0,0,0,0,0,0,0,0,1,0,0,0,0,0,0,2,0,6,0
2015-08-14,0,5,0,0,0,0,0,0,0,0,0,0,0,0,0,0,0,0,0,0,0,0,0,0,1,0,0,0,0,0,0,10,0,0,0,0,0,0,0,0,0,0,0,0,0,0,0,0,0,0,0,1,0,5,0
2015-08-15,0,4,0,0,0,0,0,0,0,0,0,0,0,0,0,0,0,0,0,0,0,0,0,0,0,0,0,0,0,0,0,9,0,0,0,0,0,0,0,0,0,0,0,0,0,0,0,0,0,0,0,4,0,11,0
2015-08-16,0,1,0,0,0,0,0,0,0,0,0,0,0,0,0,0,0,0,0,0,0,0,0,0,0,0,1,0,0,0,0,14,0,0,0,0,0,0,0,0,0,0,0,0,3,0,0,0,0,0,0,3,0,4,0
2015-08-17,0,0,0,0,0,0,0,0,0,0,0,0,0,0,0,0,0,0,0,0,0,0,0,0,2,0,0,0,0,0,0,10,0,0,0,0,0,0,0,0,0,0,0,0,2,0,0,0,0,0,0,1,0,3,0
2015-08-18,0,1,0,0,0,0,0,0,0,0,0,0,0,0,0,0,0,0,0,0,0,0,0,0,0,0,0,0,0,0,0,8,0,0,0,0,0,0,0,0,0,0,0,0,3,0,0,0,0,0,0,3,0,0,0
2015-08-19,0,3,0,0,0,0,0,0,0,0,0,0,0,0,0,0,0,0,0,0,0,0,0,0,5,0,0,0,0,0,0,7,0,0,0,0,0,0,0,0,0,0,0,0,2,0,0,0,0,0,0,1,0,7,0
2015-08-20,0,5,0,0,0,0,0,0,0,0,0,0,0,1,0,0,0,0,0,0,0,0,0,0,4,0,0,0,0,0,0,8,0,0,0,0,0,0,0,0,0,0,0,0,3,0,0,0,0,0,0,4,0,6,0
2015-08-21,0,2,0,0,0,0,0,0,1,0,0,0,0,0,0,0,0,0,0,0,0,0,0,0,1,0,0,0,0,0,0,9,0,0,0,0,0,0,0,0,0,0,0,0,1,0,0,0,0,0,0,2,0,4,0
2015-08-22,0,0,0,0,0,0,0,0,0,0,0,0,0,0,0,0,0,0,0,0,0,0,0,0,1,0,0,0,0,0,0,3,0,0,0,0,0,0,0,0,0,0,0,0,0,0,0,0,0,0,0,2,0,1,0
2015-08-23,0,0,0,0,0,0,0,0,0,0,0,0,0,0,0,0,0,0,0,0,0,0,0,0,2,0,0,0,0,0,0,2,0,0,0,0,0,0,0,0,0,0,0,0,0,0,0,0,0,0,0,0,0,0,0
2015-08-24,0,0,0,0,0,0,0,0,0,0,0,0,0,0,0,0,0,0,0,0,0,0,0,0,0,0,0,0,0,0,0,0,0,0,0,0,0,0,0,0,0,0,0,0,0,0,0,0,0,0,0,0,0,0,0
2015-08-25,0,0,0,0,0,0,0,0,0,0,0,0,0,0,0,0,0,0,0,0,0,0,0,0,0,0,0,0,0,0,0,0,0,0,0,0,0,0,0,0,0,0,0,0,0,0,0,0,0,0,0,0,0,0,0
2015-08-26,0,0,0,0,0,0,0,0,0,0,0,0,0,0,0,0,0,0,0,0,0,0,0,0,0,0,0,0,0,0,0,0,0,0,0,0,0,0,0,0,0,0,0,0,0,0,0,0,0,0,0,0,0,0,0
2015-08-27,0,0,0,0,0,0,0,0,1,0,0,0,0,0,0,0,0,0,0,0,0,0,0,0,0,0,0,0,0,0,0,0,0,0,0,0,0,0,0,0,0,0,0,0,0,0,0,0,0,0,0,0,0,0,0
2015-08-28,0,0,0,0,0,0,0,0,0,0,0,0,0,0,0,0,0,0,0,0,0,0,0,0,0,0,0,0,0,0,0,0,0,0,0,0,0,0,0,0,0,0,0,0,0,0,0,0,0,0,0,0,0,0,0
2015-08-29,0,0,0,0,0,0,0,0,0,0,0,0,0,0,0,0,0,0,0,0,0,0,0,0,0,0,0,0,0,0,0,0,0,0,0,0,0,0,0,0,0,0,0,0,0,0,0,0,0,0,0,0,0,0,0
2015-08-30,0,0,0,0,0,0,0,0,0,0,0,0,0,0,0,0,0,0,0,0,0,0,0,0,0,0,0,0,0,0,0,0,0,0,0,0,0,0,0,0,0,0,0,0,0,0,0,0,0,0,0,0,0,0,0
2015-08-31,0,0,0,0,0,0,0,0,1,0,0,0,0,0,0,0,0,0,0,0,0,0,0,0,0,0,0,0,0,0,0,0,0,0,0,0,0,0,0,0,0,0,0,0,0,0,0,0,0,0,0,0,0,0,0
2015-09-01,0,0,0,0,0,0,0,0,0,0,0,0,0,0,0,0,0,0,0,0,0,0,0,0,0,0,0,0,0,0,0,0,0,0,0,0,0,0,0,0,0,0,0,0,0,0,0,0,0,0,0,0,0,0,0
2015-09-02,0,0,0,0,0,0,0,0,0,0,0,0,0,0,0,0,0,0,0,0,0,0,0,0,0,0,0,0,0,0,0,0,0,0,0,0,0,0,0,0,0,0,0,0,0,0,0,0,0,0,0,0,0,0,0
2015-09-03,0,0,0,0,0,0,0,0,0,0,0,0,0,0,0,0,0,0,0,0,0,0,0,0,0,0,0,0,0,0,0,0,0,0,0,0,0,0,0,0,0,0,0,0,0,0,0,0,0,0,0,0,0,0,0
2015-09-04,0,0,0,0,0,0,0,0,0,0,0,0,0,0,0,0,0,0,0,0,0,0,0,0,0,0,0,0,0,0,0,0,0,0,0,0,0,0,0,0,0,0,0,0,0,0,0,0,0,0,0,0,0,0,0
2015-09-05,0,0,0,0,0,0,0,0,0,0,0,0,0,0,0,0,0,0,0,0,0,0,0,0,0,0,0,0,0,0,0,0,0,0,0,0,0,0,0,0,0,0,0,0,0,0,0,0,0,0,0,0,0,0,0
2015-09-06,0,0,0,0,0,0,0,0,0,0,0,0,0,0,0,0,0,0,0,0,0,0,0,0,0,0,0,0,0,0,0,0,0,0,0,0,0,0,0,0,0,0,0,0,0,0,0,0,0,0,0,0,0,0,0
2015-09-07,0,0,0,0,0,0,0,0,0,0,0,0,0,0,0,0,0,0,0,0,0,0,0,0,0,0,0,0,0,0,0,0,0,0,0,0,0,0,0,0,0,0,0,0,0,0,0,0,0,0,0,0,0,0,0
2015-09-08,0,0,0,0,0,0,0,0,0,0,0,0,0,0,0,0,0,0,0,0,0,0,0,0,0,0,0,0,0,0,0,0,0,0,0,0,0,0,0,0,0,0,0,0,0,0,0,0,0,0,0,0,0,0,0
2015-09-09,0,0,0,0,0,0,0,0,0,0,0,0,0,0,0,0,0,0,0,0,0,0,0,0,0,0,0,0,0,0,0,0,0,0,0,0,0,0,0,0,0,0,0,0,0,0,0,0,0,0,0,0,0,0,0
2015-09-10,0,0,0,0,0,0,0,0,1,0,0,0,0,0,0,0,0,0,0,0,0,0,0,0,0,0,0,0,0,0,0,0,0,0,0,0,0,0,0,0,0,0,0,0,0,0,0,0,0,0,0,0,0,0,0
2015-09-11,0,0,0,0,0,0,0,0,0,0,0,0,0,0,0,0,0,0,0,0,0,0,0,0,0,0,0,0,0,0,0,0,0,0,0,0,0,0,0,0,0,0,0,0,0,0,0,0,0,0,0,0,0,0,0
2015-09-12,0,0,0,0,0,0,0,0,0,0,0,0,0,0,0,0,0,0,0,0,0,0,0,0,0,0,0,0,0,0,0,0,0,0,0,0,0,0,0,0,0,0,0,0,0,0,0,0,0,0,0,0,0,0,0
2015-09-13,0,0,0,0,0,0,0,0,0,0,0,0,0,0,0,0,0,0,0,0,0,0,0,0,0,0,0,0,0,0,0,0,0,0,0,0,0,0,0,0,0,0,0,0,0,0,0,0,0,0,0,0,0,0,0
2015-09-14,0,0,0,0,0,0,0,0,0,0,0,0,0,0,0,0,0,0,0,0,0,0,0,0,0,0,0,0,0,0,0,0,0,0,0,0,0,0,0,0,0,0,0,0,0,0,0,0,0,0,0,0,0,0,0
2015-09-15,0,0,0,0,0,0,0,0,0,0,0,0,0,0,0,0,0,0,0,0,0,0,0,0,0,0,0,0,0,0,0,0,0,0,0,0,0,0,0,0,0,0,0,0,0,0,0,0,0,0,0,0,0,0,0
2015-09-16,0,0,0,0,0,0,0,0,0,0,0,0,0,0,0,0,0,0,0,0,0,0,0,0,0,0,0,0,0,0,0,0,0,0,0,0,0,0,0,0,0,0,0,0,0,0,0,0,0,0,0,0,0,0,0
2015-09-17,0,0,0,0,0,0,0,0,0,0,0,0,0,0,0,0,0,0,0,0,0,0,0,0,0,0,0,0,0,0,0,0,0,0,0,0,0,0,0,0,0,0,0,0,0,0,0,0,0,0,0,0,0,0,0
2015-09-18,0,0,0,0,0,0,0,0,0,0,0,0,0,0,0,0,0,0,0,0,0,0,0,0,0,0,0,0,0,0,0,0,0,0,0,0,0,0,0,0,0,0,0,0,0,0,0,0,0,0,0,0,0,0,0
2015-09-19,0,0,0,0,0,0,0,0,1,0,0,0,0,0,0,0,0,0,0,0,0,0,0,0,0,0,0,0,0,0,0,0,0,0,0,0,0,0,0,0,0,0,0,0,0,0,0,0,0,0,0,0,0,0,0
2015-09-20,0,0,0,0,0,0,0,0,0,0,0,0,0,0,0,0,0,0,0,0,0,0,0,0,0,0,0,0,0,0,0,0,0,0,0,0,0,0,0,0,0,0,0,0,0,0,0,0,0,0,0,0,0,0,0
2015-09-21,0,0,0,0,0,0,0,0,0,0,0,0,0,0,0,0,0,0,0,0,0,0,0,0,0,0,0,0,0,0,0,0,0,0,0,0,0,0,0,0,0,0,0,0,0,0,0,0,0,0,0,0,0,0,0
2015-09-22,0,0,0,0,0,0,0,0,1,0,0,0,0,0,0,0,0,0,0,0,0,0,0,0,0,0,0,0,0,0,0,0,0,0,0,0,0,0,0,0,0,0,0,0,0,0,0,0,0,0,0,0,0,0,0
2015-09-23,0,0,0,0,0,0,0,0,3,0,0,0,0,0,0,0,0,0,0,0,0,0,0,0,0,0,0,0,0,0,0,0,0,0,0,0,0,0,0,0,0,0,0,0,0,0,0,0,0,0,0,0,0,0,0
2015-09-24,0,0,0,0,0,0,0,0,2,0,0,0,0,0,0,0,0,0,0,0,0,0,0,0,0,0,0,0,0,0,0,0,0,0,0,0,0,0,0,0,0,0,0,0,0,0,0,0,0,0,0,0,0,0,0
2015-09-25,0,0,0,0,0,0,0,0,3,0,0,0,0,1,0,2,0,0,0,0,0,0,0,0,0,0,0,0,0,0,0,0,0,0,0,0,0,0,0,0,0,0,0,0,0,0,0,0,0,0,0,0,0,0,0
